chr	start	end
chr3	1514470	1514472
chr3	1716837	1716839
chr3	3846430	3846432
chr3	5352329	5352331
chr3	5933913	5933915
chr3	5944148	5944150
chr3	8373468	8373470
chr3	8616631	8616633
chr3	9370060	9370062
chr3	9809909	9809911
chr3	9987032	9987034
chr3	10037491	10037493
chr3	10276507	10276509
chr3	10339869	10339871
chr3	12547586	12547588
chr3	12848909	12848911
chr3	13379060	13379062
chr3	13634877	13634879
chr3	14709567	14709569
chr3	14889158	14889160
chr3	14994831	14994833
chr3	15870130	15870132
chr3	16426388	16426390
chr3	17115712	17115714
chr3	17127723	17127725
chr3	17296726	17296728
chr3	17898593	17898595
chr3	18111889	18111891
chr3	18167188	18167190
chr3	18734778	18734780
chr3	18734781	18734783
chr3	18886212	18886214
chr3	18975539	18975541
chr3	19638777	19638779
chr3	19720167	19720169
chr3	20210697	20210699
chr3	20407954	20407956
chr3	21103364	21103366
chr3	21215666	21215668
chr3	21398392	21398394
chr3	21509702	21509704
chr3	21518433	21518435
chr3	22031469	22031471
chr3	24459347	24459349
chr3	26208986	26208988
chr3	26917452	26917454
chr3	26938253	26938255
chr3	26996872	26996874
chr3	27007116	27007118
chr3	27017389	27017391
chr3	27235103	27235105
chr3	27305825	27305827
chr3	27340231	27340233
chr3	27972305	27972307
chr3	28152346	28152348
chr3	28153828	28153830
chr3	28183287	28183289
chr3	28633354	28633356
chr3	28918811	28918813
chr3	29062393	29062395
chr3	29158596	29158598
chr3	29326949	29326951
chr3	29849627	29849629
chr3	30845245	30845247
chr3	31512142	31512144
chr3	31789165	31789167
chr3	31810706	31810708
chr3	32896233	32896235
