chr	start	end	group
chr7_24	32674	160893	pmex
chr7_24	163384	163386	pmex
chr7_24	170004	237706	pmex
chr7_24	239116	239118	pmex
chr7_24	239249	243435	pmex
chr7_24	245291	245293	pmex
chr7_24	246939	246941	pmex
chr7_24	246964	246966	pmex
chr7_24	246974	269979	pmex
chr7_24	273340	273342	pmex
chr7_24	273349	284648	pmex
chr7_24	286849	286851	mix
chr7_24	303727	303729	mix
chr7_24	312353	336651	pmex
chr7_24	339135	339137	pmex
chr7_24	339533	344754	pmex
chr7_24	361933	361935	pmex
chr7_24	362796	370439	pmex
chr7_24	387499	387501	pmex
chr7_24	387541	387543	pmex
chr7_24	387567	387569	pmex
chr7_24	387963	387965	pmex
chr7_24	387967	387969	pmex
chr7_24	394196	658094	pmex
chr7_24	728118	728120	mix
chr7_24	728266	739793	pmex
chr7_24	741723	741725	mix
chr7_24	741726	741728	mix
chr7_24	749933	751038	pmex
chr7_24	752855	752857	pmex
chr7_24	759580	759849	pmex
chr7_24	762576	762578	mix
chr7_24	772814	884254	pmex
chr7_24	885500	885502	pmex
chr7_24	885582	1147588	pmex
chr7_24	1150043	1150045	mix
chr7_24	1150237	1150239	pmex
chr7_24	1150273	1150275	mix
chr7_24	1152600	1249575	pmex
chr7_24	1251405	1251407	pmex
chr7_24	1252166	1287343	pmex
chr7_24	1289950	1289952	pmex
chr7_24	1292316	1355015	pmex
chr7_24	1355181	1355183	mix
chr7_24	1355185	1355187	mix
chr7_24	1379035	1411894	pmex
chr7_24	1412187	1412189	pmex
chr7_24	1417446	1417494	pmex
chr7_24	1417620	1417622	pmex
chr7_24	1419045	1441989	pmex
chr7_24	1443831	1443833	mix
chr7_24	1444082	1488884	pmex
chr7_24	1491468	1491470	pmex
chr7_24	1491485	1491487	pmex
chr7_24	1493136	1506365	pmex
chr7_24	1508198	1508200	mix
chr7_24	1511351	1573148	pmex
chr7_24	1575924	1575926	mix
chr7_24	1575934	1575936	mix
chr7_24	1575942	1609551	pmex
chr7_24	1609563	1609565	mix
chr7_24	1609882	1628099	pmex
chr7_24	1628632	1628634	pmex
chr7_24	1628992	1628994	pmex
chr7_24	1629045	1629047	mix
chr7_24	1629046	1629048	mix
chr7_24	1630867	1635613	pmex
chr7_24	1638637	1638639	mix
chr7_24	1638645	1638681	pmex
chr7_24	1640216	1640218	pmex
chr7_24	1640537	1645283	pmex
chr7_24	1648777	1648779	mix
chr7_24	1648808	1650877	pmex
chr7_24	1651123	1651125	mix
chr7_24	1651986	1680461	pmex
chr7_24	1681785	1681787	mix
chr7_24	1684374	1731982	pmex
chr7_24	1732008	1732010	mix
chr7_24	1734006	1735892	pmex
chr7_24	1742945	1742947	mix
chr7_24	1742946	1742948	mix
chr7_24	1742969	1759924	pmex
chr7_24	1766439	1766441	mix
chr7_24	1771150	1771152	pmex
chr7_24	1771866	1771868	pmex
chr7_24	1774155	1774157	mix
chr7_24	1775824	1809837	pmex
chr7_24	1811593	1811595	pmex
chr7_24	1814571	1814807	pmex
chr7_24	1814832	1814834	mix
chr7_24	1815192	1821575	pmex
chr7_24	1825014	1825016	pmex
chr7_24	1825016	1825018	pmex
chr7_24	1826354	1832019	pmex
chr7_24	1832179	1832181	pmex
chr7_24	1832496	1832498	pmex
chr7_24	1832878	1832880	mix
chr7_24	1832884	1832886	mix
chr7_24	1834396	1834398	pmex
chr7_24	1834479	1834481	pmex
chr7_24	1838211	1838213	mix
chr7_24	1838786	1882935	pmex
chr7_24	1886746	1886748	mix
chr7_24	1888733	1913309	pmex
chr7_24	1914793	1914795	mix
chr7_24	1914799	1914801	mix
chr7_24	1915041	1942806	pmex
chr7_24	1945172	1945174	pmex
chr7_24	1945353	1953546	pmex
chr7_24	1954197	1954199	mix
chr7_24	1958063	1958065	pmex
chr7_24	1958355	1958357	mix
chr7_24	1958356	1958358	mix
chr7_24	1958504	1967626	pmex
chr7_24	1968002	1968004	mix
chr7_24	1968013	1968015	mix
chr7_24	1968037	1968039	mix
chr7_24	1968180	1968198	pmex
chr7_24	1969031	1969033	mix
chr7_24	1974480	1982304	pmex
chr7_24	1982410	1982412	mix
chr7_24	1982494	1982504	mix
chr7_24	1985740	2056389	pmex
chr7_24	2057056	2057058	pmex
chr7_24	2058094	2064747	pmex
chr7_24	2065873	2065875	pmex
chr7_24	2066312	2113369	pmex
chr7_24	2113610	2113612	pmex
chr7_24	2114088	2115852	pmex
chr7_24	2120103	2120105	mix
chr7_24	2123994	2173051	pmex
chr7_24	2175280	2175282	mix
chr7_24	2175489	2178235	pmex
chr7_24	2179413	2179415	pmex
chr7_24	2179482	2187417	pmex
chr7_24	2187923	2187925	pmex
chr7_24	2189847	2189849	pmex
chr7_24	2190066	2190068	pmex
chr7_24	2191842	2216555	pmex
chr7_24	2218121	2218123	pmex
chr7_24	2218947	2280649	pmex
chr7_24	2281720	2281722	pmex
chr7_24	2281721	2281723	pmex
chr7_24	2282620	2291423	pmex
chr7_24	2293731	2293733	pmex
chr7_24	2293877	2302333	pmex
chr7_24	2302375	2302377	pmex
chr7_24	2304601	2365458	pmex
chr7_24	2366257	2366259	mix
chr7_24	2371978	2383045	pmex
chr7_24	2383294	2383296	pmex
chr7_24	2384528	2455282	pmex
chr7_24	2455417	2455419	mix
chr7_24	2455703	2462874	pmex
chr7_24	2464290	2464292	mix
chr7_24	2470229	2500227	pmex
chr7_24	2500238	2500240	mix
chr7_24	2502877	2508831	pmex
chr7_24	2513317	2513319	pmex
chr7_24	2513318	2513320	pmex
chr7_24	2513444	2531115	pmex
chr7_24	2531799	2531801	pmex
chr7_24	2532912	2532914	mix
chr7_24	2532915	2532917	mix
chr7_24	2542130	2542132	pmex
chr7_24	2542145	2542147	pmex
chr7_24	2542155	2542157	mix
chr7_24	2543622	2543624	pmex
chr7_24	2543926	2568671	pmex
chr7_24	2569255	2569257	pmex
chr7_24	2569528	2601463	pmex
chr7_24	2602551	2602553	pmex
chr7_24	2605159	2608388	pmex
chr7_24	2609405	2609407	mix
chr7_24	2609421	2609423	mix
chr7_24	2609462	2651708	pmex
chr7_24	2656608	2656610	pmex
chr7_24	2657225	2666681	pmex
chr7_24	2670158	2670160	mix
chr7_24	2672377	2737380	pmex
chr7_24	2737714	2737716	pmex
chr7_24	2737721	2737723	pmex
chr7_24	2743169	2743171	mix
chr7_24	2743380	2743382	pmex
chr7_24	2745405	2745407	pmex
chr7_24	2745439	2745441	mix
chr7_24	2745967	2752339	pmex
chr7_24	2756657	2756659	mix
chr7_24	2763282	2763284	pmex
chr7_24	2779224	2779226	pmex
chr7_24	2789983	2807544	pmex
chr7_24	2807762	2807764	pmex
chr7_24	2808497	2826920	pmex
chr7_24	2830113	2830115	mix
chr7_24	2832801	2839094	pmex
chr7_24	2845092	2845094	mix
chr7_24	2845112	2845114	mix
chr7_24	2845287	2845436	pmex
chr7_24	2847742	2847744	mix
chr7_24	2848113	2861073	pmex
chr7_24	2862304	2862306	pmex
chr7_24	2862376	2874015	pmex
chr7_24	2874213	2874215	pmex
chr7_24	2876943	2922461	pmex
chr7_24	2933097	2933099	mix
chr7_24	2933098	2933100	mix
chr7_24	2934353	2968115	pmex
chr7_24	2968169	2968171	pmex
chr7_24	2976087	3000880	pmex
chr7_24	3002143	3002145	pmex
chr7_24	3003234	3015349	pmex
chr7_24	3015409	3015411	mix
chr7_24	3016973	3019866	pmex
chr7_24	3024061	3024063	pmex
chr7_24	3025424	3066099	pmex
chr7_24	3066131	3066133	mix
chr7_24	3066172	3089862	pmex
chr7_24	3090047	3090049	mix
chr7_24	3090083	3090085	mix
chr7_24	3090680	3090682	pmex
chr7_24	3091036	3131435	pmex
chr7_24	3131458	3131460	mix
chr7_24	3131686	3181163	pmex
chr7_24	3181202	3181204	mix
chr7_24	3181408	3186440	pmex
chr7_24	3189944	3189946	pmex
chr7_24	3191611	3191613	pmex
chr7_24	3209249	3209251	pmex
chr7_24	3210556	3210558	plat
chr7_24	3212669	3216063	pmex
chr7_24	3268525	3268527	plat
chr7_24	3268529	3268531	plat
chr7_24	3272474	3286654	pmex
chr7_24	3286748	3286750	pmex
chr7_24	3287244	3296432	pmex
chr7_24	3298668	3298670	mix
chr7_24	3299587	3299589	mix
chr7_24	3301518	3301520	mix
chr7_24	3303152	3303154	mix
chr7_24	3329406	3340765	mix
chr7_24	3343684	3370308	mix
chr7_24	3374371	3374373	pmex
chr7_24	3377344	3377346	pmex
chr7_24	3377357	3377359	pmex
chr7_24	3377935	3427127	pmex
chr7_24	3430381	3430383	pmex
chr7_24	3432090	3530715	pmex
chr7_24	3531868	3531870	mix
chr7_24	3532540	3532542	mix
chr7_24	3532549	3532551	mix
chr7_24	3535782	3538360	pmex
chr7_24	3538369	3538371	mix
chr7_24	3538616	3564062	pmex
chr7_24	3565450	3565452	mix
chr7_24	3568827	3595218	pmex
chr7_24	3595960	3595962	mix
chr7_24	3597918	3597920	pmex
chr7_24	3602052	3620925	pmex
chr7_24	3622523	3622525	mix
chr7_24	3624390	3643737	pmex
chr7_24	3644454	3644456	mix
chr7_24	3644500	3664226	pmex
chr7_24	3665685	3665687	mix
chr7_24	3665747	3665749	pmex
chr7_24	3671864	3671866	mix
chr7_24	3672234	3676218	pmex
chr7_24	3680230	3680232	mix
chr7_24	3680932	3681716	pmex
chr7_24	3682523	3682525	mix
chr7_24	3683529	3715646	pmex
chr7_24	3718130	3718132	pmex
chr7_24	3724534	3724603	pmex
chr7_24	3743113	3743115	plat
chr7_24	3749715	3749717	pmex
chr7_24	3769393	3769395	plat
chr7_24	3777825	3777836	plat
chr7_24	3783531	3783533	plat
chr7_24	3784767	3784769	plat
chr7_24	3797252	3797254	plat
chr7_24	3816265	3816267	pmex
chr7_24	3821302	3821304	plat
chr7_24	3844688	3844690	pmex
chr7_24	3847527	3847529	plat
chr7_24	3851832	3851834	plat
chr7_24	3868098	3868100	plat
chr7_24	3869107	3869131	plat
chr7_24	3876064	3876066	plat
chr7_24	3876072	3876074	plat
chr7_24	3876664	3876666	plat
chr7_24	3891876	3891878	plat
chr7_24	3929485	3929487	plat
chr7_24	3938033	3938035	plat
chr7_24	3938036	3938038	plat
chr7_24	3952063	3952065	pmex
chr7_24	3976903	3976905	pmex
chr7_24	3976904	3976906	pmex
chr7_24	3978641	3978643	pmex
chr7_24	4015337	4015339	pmex
chr7_24	4030231	4030233	plat
chr7_24	4030245	4030247	plat
chr7_24	4045592	4045594	plat
chr7_24	4045593	4045595	plat
chr7_24	4067856	4067858	plat
chr7_24	4071774	4071776	plat
chr7_24	4140501	4140503	pmex
chr7_24	4160116	4160118	plat
chr7_24	4182298	4182300	plat
chr7_24	4204553	4204555	plat
chr7_24	4212148	4212150	plat
chr7_24	4226551	4226553	pmex
chr7_24	4241390	4241392	plat
chr7_24	4274351	4274353	plat
chr7_24	4355246	4355248	plat
chr7_24	4662171	4662173	mix
chr7_24	4663472	4663474	plat
chr7_24	4676728	4676730	mix
chr7_24	6229716	6229718	mix
chr7_24	6253901	6253903	plat
chr7_24	6264567	6264569	plat
chr7_24	6284603	6284605	pmex
chr7_24	6291794	6291796	plat
chr7_24	6301876	6309340	mix
chr7_24	6535709	6535711	plat
chr7_24	6571835	6571879	pmex
chr7_24	6576280	6577582	pmex
chr7_24	6619882	6619884	pmex
chr7_24	6620516	6620518	pmex
chr7_24	6671207	6671209	plat
chr7_24	6677898	6677900	plat
chr7_24	6681703	6681705	pmex
chr7_24	6695935	6695937	plat
chr7_24	6727014	6727016	plat
chr7_24	6799204	6799206	pmex
chr7_24	6827971	6827973	plat
chr7_24	6904395	6904397	plat
chr7_24	6908319	6908321	pmex
chr7_24	7000884	7000886	plat
chr7_24	7018828	7018830	plat
chr7_24	7026449	7026451	pmex
chr7_24	7049695	7049697	plat
chr7_24	7052911	7052913	plat
chr7_24	7062172	7062174	pmex
chr7_24	7063558	7063560	pmex
chr7_24	7070482	7070484	plat
chr7_24	7140973	7140975	plat
chr7_24	7141443	7141445	plat
chr7_24	7278377	7278379	plat
chr7_24	7304858	7304860	pmex
chr7_24	7321274	7321276	plat
chr7_24	7376028	7376030	plat
chr7_24	7395756	7395758	mix
chr7_24	7404284	7404286	plat
chr7_24	7404936	7404938	pmex
chr7_24	7419227	7419229	pmex
chr7_24	7419414	7419416	plat
chr7_24	7438179	7438181	pmex
chr7_24	7449095	7449097	pmex
chr7_24	7470378	7470380	plat
chr7_24	7485936	7485938	plat
chr7_24	7485941	7485943	plat
chr7_24	7487076	7487078	plat
chr7_24	7490018	7490020	pmex
chr7_24	7496302	7496304	plat
chr7_24	7569146	7569148	plat
chr7_24	7584248	7584250	plat
chr7_24	7594556	7594558	pmex
chr7_24	7625112	7625114	pmex
chr7_24	7630318	7630320	pmex
chr7_24	7634188	7634190	plat
chr7_24	7634198	7634200	plat
chr7_24	7634310	7634312	plat
chr7_24	7651128	7651130	plat
chr7_24	7655099	7655152	plat
chr7_24	7661896	7661898	pmex
chr7_24	7681520	7681522	plat
chr7_24	7716653	7716655	plat
chr7_24	7762000	7762002	pmex
chr7_24	7797472	7797474	pmex
chr7_24	7827771	7827773	pmex
chr7_24	7855977	7855979	plat
chr7_24	7875265	7875267	pmex
chr7_24	7905117	7905119	pmex
chr7_24	7905644	7905646	mix
chr7_24	7917268	7917270	plat
chr7_24	7921490	7921492	plat
chr7_24	7949424	7949426	pmex
chr7_24	7990022	7990024	plat
chr7_24	7990064	7990066	plat
chr7_24	8027472	8027474	pmex
chr7_24	8032619	8032621	plat
chr7_24	8060485	8060487	plat
chr7_24	8077836	8077838	pmex
chr7_24	8083327	8083329	plat
chr7_24	8084222	8084224	plat
chr7_24	8090119	8090121	pmex
chr7_24	8116686	8116688	mix
chr7_24	8116698	8116700	pmex
chr7_24	8144024	8144026	pmex
chr7_24	8191407	8191409	pmex
chr7_24	8210954	8210956	plat
chr7_24	8236280	8236282	plat
chr7_24	8340651	8340653	pmex
chr7_24	8340652	8340654	pmex
chr7_24	8372796	8372798	plat
chr7_24	8372803	8372805	plat
chr7_24	8387169	8387171	plat
chr7_24	8420168	8420170	plat
chr7_24	8435727	8435729	pmex
chr7_24	8442707	8442709	plat
chr7_24	8466355	8466357	pmex
chr7_24	8476138	8476140	plat
chr7_24	8476143	8476145	plat
chr7_24	8479534	8479536	plat
chr7_24	8481106	8481108	plat
chr7_24	8501533	8501535	pmex
chr7_24	8501535	8501537	pmex
chr7_24	8547406	8547408	plat
chr7_24	8548342	8548344	plat
chr7_24	8594662	8594664	pmex
chr7_24	8606979	8621536	plat
chr7_24	8649273	8660232	plat
chr7_24	8663824	8663826	plat
chr7_24	8664481	8666082	plat
chr7_24	8687793	8691162	plat
chr7_24	8751919	8751921	plat
chr7_24	8753351	8753353	pmex
chr7_24	8764992	8764994	pmex
chr7_24	8764993	8764995	pmex
chr7_24	8769364	8769366	pmex
chr7_24	8794162	8794164	plat
chr7_24	8794443	8794445	plat
chr7_24	8797061	8797063	plat
chr7_24	8797065	8797067	plat
chr7_24	8799524	8799526	plat
chr7_24	8799527	8799529	plat
chr7_24	8829471	8829473	pmex
chr7_24	8899275	8899277	pmex
chr7_24	8899283	8899285	pmex
chr7_24	8956197	8956199	plat
chr7_24	8971273	8974345	pmex
chr7_24	9003253	9003255	plat
chr7_24	9021287	9021289	pmex
chr7_24	9021604	9021606	pmex
chr7_24	9052671	9052673	pmex
chr7_24	9056839	9056862	plat
chr7_24	9134795	9134797	pmex
chr7_24	9139116	9139118	plat
chr7_24	9143046	9143048	plat
chr7_24	9158033	9158035	mix
chr7_24	9158889	9161196	plat
chr7_24	9178258	9178260	plat
chr7_24	9193257	9193259	plat
chr7_24	9203574	9203576	mix
chr7_24	9216071	9216073	plat
chr7_24	9218419	9218421	plat
chr7_24	9223111	9223113	plat
chr7_24	9223189	9227350	plat
chr7_24	9271958	9271960	pmex
chr7_24	9285784	9285786	plat
chr7_24	9291291	9332915	plat
chr7_24	9332925	9332927	plat
chr7_24	9332968	9332970	plat
chr7_24	9339710	9339712	plat
chr7_24	9343641	9343643	plat
chr7_24	9346196	9346198	pmex
chr7_24	9348244	9348246	pmex
chr7_24	9348524	9348526	pmex
chr7_24	9359807	9359809	plat
chr7_24	9363075	9363077	pmex
chr7_24	9363076	9363078	pmex
chr7_24	9377415	9377417	pmex
chr7_24	9382655	9382657	pmex
chr7_24	9386770	9386772	pmex
chr7_24	9403609	9403611	pmex
chr7_24	9417487	9417489	plat
chr7_24	9476529	9476531	plat
chr7_24	9478252	9478254	pmex
chr7_24	9478271	9478273	pmex
chr7_24	9480850	9480852	pmex
chr7_24	9488012	9488014	plat
chr7_24	9519291	9519293	pmex
chr7_24	9546313	9546315	plat
chr7_24	9570234	9570236	pmex
chr7_24	9579565	9579567	plat
chr7_24	9599769	9599771	plat
chr7_24	9631948	9642017	pmex
chr7_24	9643901	9643903	pmex
chr7_24	9662036	9662038	pmex
chr7_24	9668370	9677816	pmex
chr7_24	9682663	9682665	pmex
chr7_24	9684345	9684347	pmex
chr7_24	9694279	9694281	pmex
chr7_24	9714660	9714662	pmex
chr7_24	9728541	9728543	pmex
chr7_24	9732385	9732387	pmex
chr7_24	9732395	9732397	pmex
chr7_24	9732618	9732626	pmex
chr7_24	9732672	9732674	pmex
chr7_24	9736339	9736341	plat
chr7_24	9791223	9793556	pmex
chr7_24	9802857	9802859	pmex
chr7_24	9803085	9803087	pmex
chr7_24	9817451	9817453	pmex
chr7_24	9818030	9818032	pmex
chr7_24	9823376	9823378	plat
chr7_24	9834317	9834319	pmex
chr7_24	9841046	9841048	pmex
chr7_24	9848584	9848586	pmex
chr7_24	9853777	9853779	pmex
chr7_24	9855775	9855777	pmex
chr7_24	9856232	9861382	pmex
chr7_24	9872275	9872277	pmex
chr7_24	9912182	9912184	pmex
chr7_24	9925798	9925800	pmex
chr7_24	9927186	9927188	pmex
chr7_24	9930105	9930107	pmex
chr7_24	9961208	9961210	pmex
chr7_24	9981958	9981960	pmex
chr7_24	10049241	10049243	pmex
chr7_24	10055923	10055925	pmex
chr7_24	10066400	10066402	pmex
chr7_24	10088604	10088606	plat
chr7_24	10148299	10148301	plat
chr7_24	10150837	10150839	pmex
chr7_24	10162490	10162504	plat
chr7_24	10176601	10176603	plat
chr7_24	10190990	10190992	plat
chr7_24	10262476	10262478	pmex
chr7_24	10294412	10294414	plat
chr7_24	10312809	10312811	pmex
chr7_24	10312810	10312812	pmex
chr7_24	10327034	10327060	plat
chr7_24	10353028	10353030	pmex
chr7_24	10375336	10375338	pmex
chr7_24	10381256	10381258	pmex
chr7_24	10406849	10406851	plat
chr7_24	10434295	10434297	plat
chr7_24	10446574	10446576	plat
chr7_24	10450786	10450788	pmex
chr7_24	10532739	10532741	pmex
chr7_24	10571491	10571493	plat
chr7_24	10610176	10610178	plat
chr7_24	10618305	10618307	plat
chr7_24	10673917	10673919	plat
chr7_24	10688179	10688181	pmex
chr7_24	10725051	10725053	plat
chr7_24	10725060	10725062	plat
chr7_24	10728758	10728760	plat
chr7_24	10731069	10731071	pmex
chr7_24	10742012	10742014	plat
chr7_24	10809838	10809840	plat
chr7_24	10905336	10905338	plat
chr7_24	10920745	10920747	pmex
chr7_24	10921309	10921311	plat
chr7_24	10924373	10924375	pmex
chr7_24	10930601	10930603	plat
chr7_24	10954778	10954780	plat
chr7_24	10954792	10954794	plat
chr7_24	10969098	10969100	pmex
chr7_24	10982612	10982614	pmex
chr7_24	11017032	11017034	plat
chr7_24	11019955	11019957	mix
chr7_24	11055086	11055088	pmex
chr7_24	11074764	11074766	plat
chr7_24	11074788	11074790	plat
chr7_24	11141985	11141987	plat
chr7_24	11141987	11141989	plat
chr7_24	11161937	11161982	pmex
chr7_24	11171408	11171410	pmex
chr7_24	11178839	11178841	plat
chr7_24	11189820	11189822	plat
chr7_24	11200227	11200229	pmex
chr7_24	11200228	11200230	pmex
chr7_24	11264381	11264383	plat
chr7_24	11269760	11269762	plat
chr7_24	11342796	11342798	pmex
chr7_24	11373320	11373322	pmex
chr7_24	11378212	11378214	plat
chr7_24	11385810	11385812	plat
chr7_24	11489949	11489951	pmex
chr7_24	11519733	11519735	plat
chr7_24	11531853	11531855	plat
chr7_24	11545435	11545437	plat
chr7_24	11626696	11626698	pmex
chr7_24	11659001	11659003	pmex
chr7_24	11659020	11659022	pmex
chr7_24	11669813	11669815	pmex
chr7_24	11673063	11673065	plat
chr7_24	11673740	11673742	plat
chr7_24	11694013	11694015	plat
chr7_24	11741443	11741445	plat
chr7_24	11790205	11790207	plat
chr7_24	11866410	11866412	plat
chr7_24	11875598	11875600	pmex
chr7_24	11886868	11890816	pmex
chr7_24	11905944	11916607	pmex
chr7_24	11920999	11921001	pmex
chr7_24	11921195	11921197	pmex
chr7_24	11925770	11925772	pmex
chr7_24	11933278	11933280	pmex
chr7_24	11946381	11953913	pmex
chr7_24	11964271	11979994	pmex
chr7_24	11987538	11987540	plat
chr7_24	12001069	12001071	plat
chr7_24	12077576	12077578	pmex
chr7_24	12080854	12080856	pmex
chr7_24	12080857	12080859	pmex
chr7_24	12239420	12239422	pmex
chr7_24	12289789	12289791	pmex
chr7_24	12295562	12295564	pmex
chr7_24	12367130	12367132	pmex
chr7_24	12400025	12400027	plat
chr7_24	12407571	12407573	pmex
chr7_24	12426283	12426285	pmex
chr7_24	12476809	12476818	plat
chr7_24	12499185	12499187	plat
chr7_24	12521719	12521721	plat
chr7_24	12548061	12548063	plat
chr7_24	12580238	12580240	pmex
chr7_24	12680044	12680046	pmex
chr7_24	12750172	12750174	pmex
chr7_24	12764433	12791686	plat
chr7_24	12796458	12796460	plat
chr7_24	12798832	12798834	plat
chr7_24	12799040	12802073	plat
chr7_24	12818354	12818356	plat
chr7_24	12855439	12855441	pmex
chr7_24	12869072	12869074	pmex
chr7_24	12973163	12973165	pmex
chr7_24	13083413	13083415	pmex
chr7_24	13083417	13083419	pmex
chr7_24	13102521	13102523	pmex
chr7_24	13107142	13107144	pmex
chr7_24	13144187	13155812	plat
chr7_24	13159665	13176728	plat
chr7_24	13177863	13177865	plat
chr7_24	13221168	13221170	plat
chr7_24	13221169	13221171	plat
chr7_24	13223822	13223824	plat
chr7_24	13278556	13280694	pmex
chr7_24	13282433	13282435	pmex
chr7_24	13327647	13327649	plat
chr7_24	13343210	13343212	plat
chr7_24	13343213	13343215	plat
chr7_24	13359404	13359406	plat
chr7_24	13372554	13372556	pmex
chr7_24	13401318	13401320	plat
chr7_24	13404880	13404882	pmex
chr7_24	13404888	13404890	pmex
chr7_24	13450777	13450779	plat
chr7_24	13450798	13450800	plat
chr7_24	13452279	13452281	pmex
chr7_24	13482913	13483896	pmex
chr7_24	13483929	13483931	mix
chr7_24	13485635	13485637	pmex
chr7_24	13486416	13486418	pmex
chr7_24	13486622	13486624	pmex
chr7_24	13488754	13488756	pmex
chr7_24	13488796	13488798	pmex
chr7_24	13510911	13510913	plat
chr7_24	13573920	13573922	plat
chr7_24	13623702	13623704	plat
chr7_24	13628178	13628180	plat
chr7_24	13649520	13649522	plat
chr7_24	13671247	13671249	plat
chr7_24	13711145	13711147	plat
chr7_24	13745437	13745439	plat
chr7_24	13808973	13808975	pmex
chr7_24	13823802	13823804	plat
chr7_24	13833683	13833685	pmex
chr7_24	13847977	13847979	pmex
chr7_24	13847979	13847981	pmex
chr7_24	13902867	13902869	plat
chr7_24	13938742	13939297	pmex
chr7_24	13943396	13943398	pmex
chr7_24	13947673	13947675	pmex
chr7_24	13976484	13976486	plat
chr7_24	14026898	14026900	plat
chr7_24	14033036	14033038	pmex
chr7_24	14087961	14087963	pmex
chr7_24	14140948	14140950	mix
chr7_24	14140954	14140956	pmex
chr7_24	14197926	14197928	plat
chr7_24	14204377	14204379	plat
chr7_24	14205863	14205865	pmex
chr7_24	14209648	14209650	pmex
chr7_24	14212356	14212358	plat
chr7_24	14259005	14259007	plat
chr7_24	14289012	14289014	plat
chr7_24	14293389	14293391	plat
chr7_24	14293393	14293395	plat
chr7_24	14305727	14305729	pmex
chr7_24	14328113	14328115	pmex
chr7_24	14336004	14336006	plat
chr7_24	14340267	14340269	pmex
chr7_24	14387553	14387555	plat
chr7_24	14387562	14387564	plat
chr7_24	14435708	14435710	plat
chr7_24	14455746	14455748	plat
chr7_24	14462881	14462883	plat
chr7_24	14473860	14473862	plat
chr7_24	14498309	14498311	plat
chr7_24	14514617	14514619	plat
chr7_24	14525423	14525425	plat
chr7_24	14528937	14572018	plat
chr7_24	14590744	14590746	plat
chr7_24	14591369	14591371	pmex
chr7_24	14600862	14600864	pmex
chr7_24	14637223	14637225	plat
chr7_24	14665769	14665771	plat
chr7_24	14668015	14668017	pmex
chr7_24	14671402	14671404	plat
chr7_24	14712084	14712086	plat
chr7_24	14714890	14714892	pmex
chr7_24	14716701	14716703	pmex
chr7_24	14738315	14738317	plat
chr7_24	14750405	14750407	plat
chr7_24	14750411	14750413	plat
chr7_24	14813030	14813032	plat
chr7_24	14821574	14821576	pmex
chr7_24	14941174	14941176	pmex
chr7_24	14945753	14945755	plat
chr7_24	14945761	14945763	plat
chr7_24	14981375	14981377	pmex
chr7_24	15004055	15004057	plat
chr7_24	15006728	15006730	plat
chr7_24	15025872	15025874	pmex
chr7_24	15025885	15025887	pmex
chr7_24	15063684	15063686	pmex
chr7_24	15096345	15096347	plat
chr7_24	15160781	15160783	pmex
chr7_24	15235835	15235837	plat
chr7_24	15243098	15243100	pmex
chr7_24	15309628	15309630	pmex
chr7_24	15325655	15325657	pmex
chr7_24	15382011	15382013	pmex
chr7_24	15407728	15407730	plat
chr7_24	15414854	15414856	pmex
chr7_24	15427995	15427997	plat
chr7_24	15459230	15459232	pmex
chr7_24	15484145	15484147	pmex
chr7_24	15484406	15484408	plat
chr7_24	15485314	15485316	pmex
chr7_24	15485315	15485317	pmex
chr7_24	15504039	15504041	pmex
chr7_24	15504042	15504044	pmex
chr7_24	15522339	15522341	pmex
chr7_24	15558780	15558782	plat
chr7_24	15570691	15570693	plat
chr7_24	15603805	15603807	plat
chr7_24	15629297	15629299	pmex
chr7_24	15646772	15646774	pmex
chr7_24	15651442	15651444	pmex
chr7_24	15674828	15674830	plat
chr7_24	15675798	15675800	plat
chr7_24	15675800	15675802	plat
chr7_24	15677765	15677767	plat
chr7_24	15719229	15719231	plat
chr7_24	15757662	15757664	pmex
chr7_24	15767800	15767802	pmex
chr7_24	15775200	15775202	plat
chr7_24	15775202	15775204	plat
chr7_24	15777807	15777809	plat
chr7_24	15784614	15784616	pmex
chr7_24	15827140	15827142	plat
chr7_24	15828406	15828408	pmex
chr7_24	15936798	15936800	plat
chr7_24	15949236	15949238	plat
chr7_24	15975131	15975133	plat
chr7_24	16025522	16025524	pmex
chr7_24	16035398	16035400	pmex
chr7_24	16036226	16036228	pmex
chr7_24	16038769	16038771	pmex
chr7_24	16039956	16039958	pmex
chr7_24	16041704	16041706	pmex
chr7_24	16114848	16114850	plat
chr7_24	16134120	16134122	pmex
chr7_24	16153754	16153756	plat
chr7_24	16174269	16174286	pmex
chr7_24	16196978	16196980	plat
chr7_24	16223536	16223538	plat
chr7_24	16239150	16239152	plat
chr7_24	16242277	16242279	plat
chr7_24	16267191	16267193	pmex
chr7_24	16280805	16280807	pmex
chr7_24	16283950	16283952	plat
chr7_24	16308424	16308426	plat
chr7_24	16341967	16341969	pmex
chr7_24	16355491	16355493	plat
chr7_24	16406854	16406856	plat
chr7_24	16435858	16435860	plat
chr7_24	16445759	16445761	plat
chr7_24	16500744	16500746	plat
chr7_24	16567234	16567236	pmex
chr7_24	16576053	16576055	pmex
chr7_24	16596144	16596146	plat
chr7_24	16622131	16622133	plat
chr7_24	16633762	16633764	pmex
chr7_24	16681687	16681689	plat
chr7_24	16703874	16703876	pmex
chr7_24	16721612	16721614	pmex
chr7_24	16766075	16766098	plat
chr7_24	16803998	16804000	plat
chr7_24	16804005	16804007	plat
chr7_24	16816859	16816861	pmex
chr7_24	16821691	16821693	plat
chr7_24	16830724	16830726	plat
chr7_24	16899355	16899357	plat
chr7_24	16899362	16899364	plat
chr7_24	16916387	16916389	pmex
chr7_24	16964134	16964136	pmex
chr7_24	16974942	16988389	plat
chr7_24	16989971	16991639	plat
chr7_24	16996757	16996759	pmex
chr7_24	16996761	16996763	pmex
chr7_24	17016888	17016890	plat
chr7_24	17068328	17068330	plat
chr7_24	17111022	17111024	pmex
chr7_24	17159434	17159436	pmex
chr7_24	17203728	17203730	plat
chr7_24	17245489	17245491	plat
chr7_24	17249174	17249176	plat
chr7_24	17249712	17249714	plat
chr7_24	17277602	17282508	plat
chr7_24	17366995	17366997	pmex
chr7_24	17372620	17372622	plat
chr7_24	17377506	17377665	plat
chr7_24	17383537	17383539	mix
chr7_24	17385918	17385920	pmex
chr7_24	17385968	17385970	mix
chr7_24	17391635	17391637	pmex
chr7_24	17393086	17393088	pmex
chr7_24	17393087	17393089	pmex
chr7_24	17400111	17400113	pmex
chr7_24	17419233	17423647	pmex
chr7_24	17426880	17426882	pmex
chr7_24	17430616	17441897	pmex
chr7_24	17447209	17447211	pmex
chr7_24	17447722	17449647	pmex
chr7_24	17480761	17480763	pmex
chr7_24	17495633	17495635	mix
chr7_24	17563516	17563518	pmex
chr7_24	17600910	17600912	mix
chr7_24	17639492	17639494	plat
chr7_24	17717982	17717984	plat
chr7_24	17718206	17718208	plat
chr7_24	17719147	17719149	plat
chr7_24	17725130	17725132	pmex
chr7_24	17731350	17731352	pmex
chr7_24	17762712	17762714	plat
chr7_24	17790180	17790182	pmex
chr7_24	17790382	17790384	plat
chr7_24	17817350	17817352	pmex
chr7_24	17817353	17817355	pmex
chr7_24	17908875	17908877	pmex
chr7_24	17909804	17909806	plat
chr7_24	17951552	17951554	plat
chr7_24	17953063	17953065	plat
chr7_24	18004872	18004874	pmex
chr7_24	18020755	18020757	plat
chr7_24	18115242	18115244	pmex
chr7_24	18154645	18154647	plat
chr7_24	18164728	18164730	plat
chr7_24	18166227	18166229	plat
chr7_24	18189755	18189757	plat
chr7_24	18194377	18194379	plat
chr7_24	18216099	18216101	pmex
chr7_24	18265475	18265477	pmex
chr7_24	18268637	18268639	pmex
chr7_24	18268653	18268655	plat
chr7_24	18270111	18270113	plat
chr7_24	18330950	18330952	pmex
chr7_24	18335652	18335654	pmex
chr7_24	18364879	18364881	pmex
chr7_24	18365002	18365004	pmex
chr7_24	18365281	18365283	pmex
chr7_24	18369401	18380130	pmex
chr7_24	18447494	18447496	pmex
chr7_24	18461929	18461931	plat
chr7_24	18461931	18461933	plat
chr7_24	18522581	18522583	plat
chr7_24	18598451	18598453	mix
chr7_24	18612306	18612308	plat
chr7_24	18615803	18669950	pmex
chr7_24	18691935	18708839	pmex
chr7_24	18740296	18740298	plat
chr7_24	18767324	18767326	pmex
chr7_24	18767325	18767327	pmex
chr7_24	18781293	18781295	plat
chr7_24	18782377	18782379	plat
chr7_24	18782380	18782382	plat
chr7_24	18794757	18794759	pmex
chr7_24	18794759	18794761	pmex
chr7_24	18808256	18816539	pmex
chr7_24	18827489	18827491	plat
chr7_24	18829967	18833248	pmex
chr7_24	18836391	18836393	mix
chr7_24	18837056	18837909	pmex
chr7_24	18840761	18860810	pmex
chr7_24	18893170	18893172	pmex
chr7_24	18899625	18899627	plat
chr7_24	18939066	18939068	plat
chr7_24	18950875	18950877	pmex
chr7_24	18950876	18950878	pmex
chr7_24	18972303	18972305	pmex
chr7_24	19023478	19023480	pmex
chr7_24	19059976	19059978	plat
chr7_24	19068751	19068753	plat
chr7_24	19098096	19098098	plat
chr7_24	19178961	19178963	plat
chr7_24	19216248	19216250	plat
chr7_24	19256321	19256323	mix
chr7_24	19291151	19291153	plat
chr7_24	19333798	19333800	pmex
chr7_24	19358939	19358941	plat
chr7_24	19370499	19370501	pmex
chr7_24	19410807	19410809	pmex
chr7_24	19440174	19440176	plat
chr7_24	19451635	19529513	plat
chr7_24	19532096	19532098	mix
chr7_24	19542231	19560109	plat
chr7_24	19560269	19560271	plat
chr7_24	19561355	19561357	mix
chr7_24	19569034	19569036	plat
chr7_24	19576516	19576518	plat
chr7_24	19609893	19609895	plat
chr7_24	19622832	19622834	plat
chr7_24	19642566	19642568	plat
chr7_24	19643945	19643947	plat
chr7_24	19654299	19654786	plat
chr7_24	19655981	19681538	plat
chr7_24	19681631	19681633	plat
chr7_24	19682165	19693393	plat
chr7_24	19694940	19709028	plat
chr7_24	19716826	19716828	plat
chr7_24	19723761	19723763	plat
chr7_24	19746364	19746366	pmex
chr7_24	19764144	19764146	plat
chr7_24	19764561	19764563	plat
chr7_24	19770503	19770505	pmex
chr7_24	19852401	19852403	pmex
chr7_24	19905008	19905010	plat
chr7_24	19911523	19911525	pmex
chr7_24	19911524	19911526	pmex
chr7_24	20073844	20073846	pmex
chr7_24	20090224	20090226	mix
chr7_24	20110264	20110266	pmex
chr7_24	20133671	20133673	plat
chr7_24	20135141	20135143	plat
chr7_24	20135273	20135275	plat
chr7_24	20157021	20157023	plat
chr7_24	20168585	20168587	plat
chr7_24	20210815	20210817	pmex
chr7_24	20213214	20213216	pmex
chr7_24	20231642	20231644	plat
chr7_24	20365242	20365244	plat
chr7_24	20373446	20373448	plat
chr7_24	20390739	20393157	plat
chr7_24	20403824	20403826	plat
chr7_24	20416852	20416854	plat
chr7_24	20416853	20416855	plat
chr7_24	20444465	20444467	plat
chr7_24	20445219	20445221	plat
chr7_24	20450760	20450762	pmex
chr7_24	20477040	20477230	pmex
chr7_24	20491143	20491145	pmex
chr7_24	20491274	20491276	pmex
chr7_24	20566874	20566876	mix
chr7_24	20571803	20571805	pmex
chr7_24	20586004	20586006	plat
chr7_24	20596978	20596980	plat
chr7_24	20606804	20606806	plat
chr7_24	20634763	20634765	plat
chr7_24	20634771	20634773	plat
chr7_24	20760319	20760321	plat
chr7_24	20776325	20776327	plat
chr7_24	20844312	20853806	pmex
chr7_24	20865910	20865912	pmex
chr7_24	20872020	20872022	plat
chr7_24	20896067	20896069	plat
chr7_24	20896088	20896090	plat
chr7_24	20944755	20944757	plat
chr7_24	20957505	20957507	pmex
chr7_24	20957511	20957513	pmex
chr7_24	20972073	20972075	plat
chr7_24	20975725	20975727	plat
chr7_24	20980297	20980299	plat
chr7_24	21002715	21002717	plat
chr7_24	21030639	21030641	plat
chr7_24	21046736	21046740	pmex
chr7_24	21046744	21046746	pmex
chr7_24	21049493	21049495	plat
chr7_24	21056721	21056723	plat
chr7_24	21073043	21073045	plat
chr7_24	21096795	21096797	plat
chr7_24	21205899	21205901	plat
chr7_24	21207880	21207882	plat
chr7_24	21215121	21215123	plat
chr7_24	21222715	21222717	plat
chr7_24	21222719	21222721	plat
chr7_24	21224742	21224744	pmex
chr7_24	21226991	21226993	pmex
chr7_24	21227260	21227262	pmex
chr7_24	21234661	21234663	plat
chr7_24	21235865	21235867	pmex
chr7_24	21259612	21259614	pmex
chr7_24	21279437	21279439	pmex
chr7_24	21282696	21282698	pmex
chr7_24	21357440	21357442	pmex
chr7_24	21359034	21359036	plat
chr7_24	21395541	21395543	plat
chr7_24	21400383	21400385	pmex
chr7_24	21400384	21400386	pmex
chr7_24	21410834	21410836	pmex
chr7_24	21412386	21412388	pmex
chr7_24	21416744	21416746	pmex
chr7_24	21423848	21423850	plat
chr7_24	21461941	21461943	plat
chr7_24	21473755	21473757	plat
chr7_24	21504328	21504330	plat
chr7_24	21506090	21506092	pmex
chr7_24	21724258	21724260	pmex
chr7_24	21731711	21731713	plat
chr7_24	21746033	21746035	plat
chr7_24	21791086	21791088	plat
chr7_24	21863663	21863665	plat
chr7_24	21863671	21863673	plat
chr7_24	21864155	21864157	plat
chr7_24	21864159	21864161	plat
chr7_24	21900379	21900381	plat
chr7_24	21900692	21900694	plat
chr7_24	21933538	21933540	pmex
chr7_24	21953631	21953633	plat
chr7_24	21957754	21957756	pmex
chr7_24	21992325	21992327	plat
chr7_24	22036143	22036145	pmex
chr7_24	22128761	22128763	pmex
chr7_24	22139525	22139527	plat
chr7_24	22220305	22220307	plat
chr7_24	22220517	22220519	plat
chr7_24	22224774	22224776	pmex
chr7_24	22234427	22234429	plat
chr7_24	22257065	22257067	pmex
chr7_24	22261166	22261900	pmex
chr7_24	22267626	22267628	mix
chr7_24	22308456	22308458	pmex
chr7_24	22312670	22312672	pmex
chr7_24	22318228	22318230	plat
chr7_24	22318567	22318569	plat
chr7_24	22321792	22321794	plat
chr7_24	22456147	22456149	plat
chr7_24	22477884	22477886	plat
chr7_24	22496325	22496327	plat
chr7_24	22499246	22499248	pmex
chr7_24	22517773	22517775	pmex
chr7_24	22622592	22622594	pmex
chr7_24	22622601	22622603	pmex
chr7_24	22634497	22634499	pmex
chr7_24	22763000	22763002	plat
chr7_24	22767382	22767384	plat
chr7_24	22790847	22790849	plat
chr7_24	22791852	22791854	plat
chr7_24	22802054	22802056	plat
chr7_24	22831509	22831511	pmex
chr7_24	22831513	22831515	pmex
chr7_24	22850837	22850839	plat
chr7_24	22923425	22923427	plat
chr7_24	22929102	22929104	pmex
chr7_24	22986967	22986969	plat
chr7_24	22997806	22997808	plat
chr7_24	23032771	23032773	plat
chr7_24	23037657	23037659	pmex
chr7_24	23045076	23045078	pmex
chr7_24	23077086	23077088	plat
chr7_24	23082393	23082395	plat
chr7_24	23083907	23083909	plat
chr7_24	23147062	23147064	pmex
chr7_24	23195243	23195245	plat
chr7_24	23266978	23266980	plat
chr7_24	23266982	23266984	plat
chr7_24	23307476	23307478	plat
chr7_24	23367871	23367873	pmex
chr7_24	23367875	23367877	pmex
chr7_24	23370618	23370620	plat
chr7_24	23377011	23377013	pmex
chr7_24	23408622	23408624	plat
chr7_24	23472092	23472094	plat
chr7_24	23472203	23472205	pmex
chr7_24	23472204	23472206	pmex
chr7_24	23476524	23476526	pmex
chr7_24	23476533	23476535	pmex
chr7_24	23491546	23491548	plat
chr7_24	23533944	23536377	plat
chr7_24	23820779	23820781	pmex
chr7_24	23973909	23973911	plat
chr7_24	23984853	23984855	plat
chr7_24	23985051	23985053	plat
chr7_24	23985052	23985054	plat
chr7_24	23989244	23989246	pmex
chr7_24	24005680	24005682	plat
chr7_24	24005686	24005688	plat
chr7_24	24013315	24013317	plat
chr7_24	24038040	24038042	plat
chr7_24	24341026	24341028	plat
chr7_24	25877995	25877997	plat
chr7_24	26592672	26592674	plat
chr7_24	26611778	26611780	plat
chr7_24	26686605	26686607	plat
chr7_24	26694541	26694543	plat
chr7_24	27836767	27836769	mix
chr7_24	28434044	28434046	plat
chr7_24	28676386	28676388	plat
chr7_24	28699910	28699912	plat
chr7_24	28701519	28701521	plat
chr7_24	28702441	28702443	plat
chr7_24	28787910	28787912	plat
chr7_24	28792433	28792435	mix
chr7_24	28793770	28793772	plat
chr7_24	29162561	29170952	pmex
chr7_24	29176603	29176605	pmex
chr7_24	29197580	29197582	pmex
chr7_24	29199679	29199681	pmex
chr7_24	29205600	29205602	plat
chr7_24	29230588	29230590	plat
chr7_24	29246129	29246131	plat
chr7_24	29287328	29287330	plat
chr7_24	29379695	29379697	plat
chr7_24	29382884	29382886	pmex
chr7_24	29451025	29451027	pmex
chr7_24	29451026	29451028	pmex
chr7_24	29481456	29481458	pmex
chr7_24	29491847	29491849	plat
chr7_24	29493079	29493081	plat
chr7_24	29539551	29539553	plat
chr7_24	29539563	29539565	plat
chr7_24	29539586	29539588	plat
chr7_24	29672567	29672569	plat
chr7_24	29681753	29681755	pmex
chr7_24	29732331	29732333	pmex
chr7_24	29765982	29765984	plat
chr7_24	29803628	29803630	plat
chr7_24	29806213	29806215	pmex
chr7_24	30045848	30045850	plat
chr7_24	30049113	30056794	pmex
chr7_24	30104109	30104111	pmex
chr7_24	30104112	30104114	pmex
chr7_24	30243586	30243588	plat
chr7_24	30269457	30269459	plat
chr7_24	30269465	30269467	plat
chr7_24	30275973	30275975	pmex
chr7_24	30300809	30307624	pmex
chr7_24	30321137	30323846	pmex
chr7_24	30366875	30366877	pmex
chr7_24	30524379	30524381	plat
chr7_24	30524885	30524887	pmex
chr7_24	30533575	30533577	plat
chr7_24	30540101	30540103	mix
chr7_24	30559809	30559811	plat
chr7_24	30651867	30651869	pmex
chr7_24	30665549	30666520	plat
chr7_24	30675632	30675634	mix
chr7_24	30716285	30730541	plat
chr7_24	30738804	30738806	pmex
chr7_24	30738979	30787515	plat
chr7_24	30794107	30794109	plat
chr7_24	30794112	30794114	plat
chr7_24	30811566	30811568	plat
chr7_24	30933161	30933163	plat
chr7_24	30943945	30943947	plat
chr7_24	30981853	30981855	pmex
chr7_24	31009325	31009327	pmex
chr7_24	31056118	31056120	plat
chr7_24	31063653	31063655	pmex
chr7_24	31074419	31074421	plat
chr7_24	31075319	31075321	pmex
chr7_24	31081931	31081933	plat
chr7_24	31087866	31087868	pmex
chr7_24	31088553	31088555	pmex
chr7_24	31119757	31119759	plat
chr7_24	31133595	31133597	pmex
chr7_24	31167202	31168650	plat
chr7_24	31169922	31169924	plat
chr7_24	31209907	31209909	plat
chr7_24	31224083	31224085	plat
chr7_24	31314456	31314458	mix
chr7_24	32061420	32061422	mix
chr7_24	32070588	32070590	plat
chr7_24	32092051	32094602	pmex
chr7_24	32104761	32104763	pmex
chr7_24	32129202	32129204	plat
chr7_24	32129821	32129823	pmex
chr7_24	32130162	32130164	plat
chr7_24	32217985	32217987	pmex
chr7_24	32218860	32218862	pmex
chr7_24	32224279	32224281	pmex
chr7_24	32227587	32227589	pmex
chr7_24	32338068	32338070	pmex
chr7_24	32338071	32338073	pmex
chr7_24	32380777	32380779	plat
chr7_24	32380856	32380858	plat
chr7_24	32383080	32383082	plat
chr7_24	32383085	32383087	plat
chr7_24	32493442	32493444	pmex
chr7_24	32497975	32497977	plat
chr7_24	32505803	32505805	pmex
chr7_24	32557813	32557815	plat
chr7_24	32582522	32582524	pmex
chr7_24	32584391	32584393	plat
chr7_24	32620999	32621001	plat
chr7_24	32622669	32622671	plat
chr7_24	32641653	32641655	pmex
chr7_24	32641680	32641682	pmex
chr7_24	32664578	32664580	plat
chr7_24	32673841	32673843	pmex
chr7_24	32702026	32731654	plat
chr7_24	32825438	32825440	plat
chr7_24	32856281	32856283	plat
chr7_24	32856287	32856289	plat
chr7_24	32858485	32858487	plat
chr7_24	32986009	32986011	plat
chr7_24	33099375	33099377	plat
chr7_24	33111993	33111995	plat
chr7_24	33171534	33171536	pmex
chr7_24	33224263	33224265	pmex
chr7_24	33229228	33229230	pmex
chr7_24	33262166	33262168	pmex
chr7_24	33272150	33272152	pmex
chr7_24	33380300	33380302	plat
chr7_24	33385922	33385924	pmex
chr7_24	33866953	33866955	plat
chr7_24	33872202	33872750	plat
chr7_24	33921414	33921416	pmex
chr7_24	33937938	33937940	pmex
chr7_24	33963729	33964043	pmex
chr7_24	33966634	33966636	pmex
chr7_24	33967360	33967362	pmex
chr7_24	33981560	33981562	pmex
chr7_24	33981588	33981590	mix
chr7_24	33981655	33982343	pmex
chr7_24	34181232	34181234	pmex
chr7_24	34182727	34182729	pmex
chr7_24	34183013	34183015	plat
chr7_24	34189456	34189458	plat
chr7_24	34203339	34203341	pmex
chr7_24	34270590	34270592	pmex
chr7_24	34279240	34279242	pmex
chr7_24	34282676	34282678	pmex
chr7_24	34423085	34460831	pmex
chr7_24	34461291	34461293	plat
chr7_24	34461298	34461300	pmex
chr7_24	34461311	34461313	plat
chr7_24	34538914	34538916	pmex
chr7_24	34543796	34543798	plat
chr7_24	34551592	34551594	pmex
chr7_24	34551615	34551617	pmex
chr7_24	34555600	34555602	plat
chr7_24	34573153	34573155	pmex
chr7_24	34620089	34620091	pmex
chr7_24	34653129	34653131	plat
chr7_24	34671649	34671651	plat
chr7_24	34706105	34706107	plat
chr7_24	34710850	34710852	plat
chr7_24	34761916	34761918	plat
chr7_24	34803579	34803581	plat
chr7_24	34863517	34863519	plat
chr7_24	34913572	34913584	plat
chr7_24	34929863	34929865	pmex
chr7_24	35006089	35006091	plat
chr7_24	35027233	35027235	plat
chr7_24	35039671	35039673	pmex
chr7_24	35042900	35042902	mix
chr7_24	35043132	35043134	mix
chr7_24	35044376	35044378	pmex
chr7_24	35046932	35046934	mix
chr7_24	35046933	35046935	mix
chr7_24	35057789	35057791	pmex
chr7_24	35059488	35059490	pmex
chr7_24	35065208	35065210	pmex
chr7_24	35107140	35107142	plat
chr7_24	35123119	35123121	plat
chr7_24	35156104	35156106	plat
chr7_24	35156107	35156109	plat
chr7_24	35253563	35253565	plat
chr7_24	35253569	35253571	plat
chr7_24	35255143	35255145	plat
chr7_24	35295994	35295996	pmex
chr7_24	35303453	35303455	plat
chr7_24	35716985	35737041	pmex
chr7_24	35776581	35776583	pmex
chr7_24	35777304	35777306	pmex
chr7_24	35833468	35833470	pmex
chr7_24	35843183	35843185	plat
chr7_24	35845600	35845602	pmex
chr7_24	35858020	35858022	pmex
chr7_24	35881463	35881465	pmex
chr7_24	35951334	35951336	mix
chr7_24	35956544	35956546	plat
chr7_24	35991555	36005027	plat
chr7_24	36006667	36006669	mix
chr7_24	36007648	36124962	plat
chr7_24	36153421	36153423	pmex
chr7_24	36165789	36165791	plat
chr7_24	36181546	36181548	plat
chr7_24	36213039	36213041	plat
chr7_24	36216868	36221582	pmex
chr7_24	36221783	36221785	pmex
chr7_24	36222573	36223748	pmex
chr7_24	36223956	36223958	mix
chr7_24	36230013	36230015	pmex
chr7_24	36230503	36230505	plat
chr7_24	36233929	36233931	plat
chr7_24	36238480	36238482	plat
chr7_24	36249365	36250142	pmex
chr7_24	36259754	36274786	pmex
chr7_24	36275560	36275562	pmex
chr7_24	36275720	36282625	pmex
chr7_24	36286820	36286822	pmex
chr7_24	36316196	36316198	plat
chr7_24	36368394	36368396	plat
chr7_24	36381837	36381839	pmex
chr7_24	36453773	36453775	plat
chr7_24	36453778	36453780	plat
chr7_24	36478173	36478175	plat
chr7_24	36696958	36696960	pmex
chr7_24	36718847	36718849	mix
chr7_24	36734290	36734292	plat
chr7_24	36749358	36749367	plat
chr7_24	36752763	36752765	plat
chr7_24	36770109	36770111	pmex
chr7_24	36863043	36863045	pmex
chr7_24	36870302	36870304	mix
chr7_24	36874994	36874996	plat
chr7_24	36895625	36895627	plat
chr7_24	36908144	36908146	plat
chr7_24	36921201	36923267	pmex
chr7_24	36948375	36950334	pmex
chr7_24	36952603	36958226	pmex
chr7_24	36967978	36967980	pmex
chr7_24	36979141	36979143	pmex
chr7_24	37219916	37252459	pmex
chr7_24	37273898	37316472	pmex
chr7_24	37324540	37363946	pmex
chr7_24	37376342	37376344	plat
chr7_24	37403333	37403335	pmex
chr7_24	37407217	37407219	pmex
chr7_24	37415017	37415019	mix
chr7_24	37425428	37425430	pmex
chr7_24	37435532	37435534	plat
chr7_24	37443986	37443988	plat
chr7_24	37454573	37454575	pmex
chr7_24	37461966	37461968	plat
chr7_24	37476938	37476940	plat
chr7_24	37477088	37477090	plat
chr7_24	37507318	37507320	pmex
chr7_24	37535052	37535054	plat
chr7_24	37538788	37538790	plat
chr7_24	37560118	37560120	pmex
chr7_24	37638708	37638710	pmex
chr7_24	37645367	37645369	plat
chr7_24	37663462	37663464	pmex
chr7_24	37668753	37668755	plat
chr7_24	37672743	37672750	pmex
chr7_24	37676188	37676190	pmex
chr7_24	37705292	37705294	pmex
chr7_24	37705297	37705299	pmex
chr7_24	37710132	37710134	plat
chr7_24	37710160	37710162	plat
chr7_24	37712098	37712100	plat
chr7_24	37799444	37799446	pmex
chr7_24	37799452	37799454	pmex
chr7_24	37912928	37912930	plat
chr7_24	37921995	37921997	plat
chr7_24	37922034	37922036	plat
chr7_24	37943966	37943968	pmex
chr7_24	37967026	37967028	plat
chr7_24	38001579	38001581	pmex
chr7_24	38006601	38006603	pmex
chr7_24	38074243	38074245	plat
chr7_24	38095744	38095746	plat
chr7_24	38095765	38095767	plat
chr7_24	38098144	38098146	plat
chr7_24	38101075	38101077	plat
chr7_24	38101369	38101371	plat
chr7_24	38107319	38107321	plat
chr7_24	38141032	38141034	plat
chr7_24	38155321	38155323	plat
chr7_24	38164559	38164561	plat
chr7_24	38189720	38189722	plat
chr7_24	38233968	38233970	pmex
chr7_24	38256975	38256977	pmex
chr7_24	38262180	38262182	pmex
chr7_24	38283924	38283926	plat
chr7_24	38288116	38288118	plat
chr7_24	38321150	38321152	plat
chr7_24	38361293	38361295	plat
chr7_24	38364858	38364860	plat
chr7_24	38378566	38378568	plat
chr7_24	38383050	38383052	plat
chr7_24	38412903	38412905	plat
chr7_24	38418801	38418803	pmex
chr7_24	38421435	38421437	pmex
chr7_24	38429352	38429354	plat
chr7_24	38496292	38496294	pmex
chr7_24	38507214	38507216	pmex
chr7_24	38515887	38515889	plat
chr7_24	38520521	38520523	plat
chr7_24	38533278	38533280	plat
chr7_24	38534368	38534370	plat
chr7_24	38550662	38550664	pmex
chr7_24	38552521	38552523	pmex
chr7_24	38558231	38558233	pmex
chr7_24	38607304	38607306	plat
chr7_24	38607540	38607542	plat
chr7_24	38613916	38613918	plat
chr7_24	38617758	38617760	plat
chr7_24	38617759	38617761	plat
chr7_24	38654914	38654916	pmex
chr7_24	38660353	38660355	plat
chr7_24	38676494	38676496	pmex
chr7_24	38681206	38681208	plat
chr7_24	38705099	38705116	plat
chr7_24	38715692	38715694	pmex
chr7_24	38725094	38725096	plat
chr7_24	38726793	38726795	pmex
chr7_24	38760126	38760128	pmex
chr7_24	38764751	38764753	plat
chr7_24	38764759	38764761	plat
chr7_24	38764801	38764803	plat
chr7_24	38791324	38791326	plat
chr7_24	38825878	38825880	pmex
chr7_24	38839919	38839921	pmex
chr7_24	38942480	38942482	plat
chr7_24	38996087	38996089	plat
chr7_24	38996123	38996125	plat
chr7_24	39014383	39014385	plat
chr7_24	39036421	39036423	pmex
chr7_24	39138573	39138575	plat
chr7_24	39169871	39169873	plat
chr7_24	39186935	39186937	plat
chr7_24	39195986	39195988	pmex
chr7_24	39260169	39260171	plat
chr7_24	39282953	39282955	pmex
chr7_24	39284247	39284249	pmex
chr7_24	39299403	39299405	plat
chr7_24	39314885	39314887	plat
chr7_24	39328485	39328487	plat
chr7_24	39335587	39335589	pmex
chr7_24	39355738	39355740	plat
chr7_24	39359429	39359431	plat
chr7_24	39360568	39360570	plat
chr7_24	39385743	39385745	pmex
chr7_24	39385746	39385748	pmex
chr7_24	39387135	39387137	pmex
chr7_24	39406466	39406468	plat
chr7_24	39427504	39427506	pmex
chr7_24	39431007	39431009	pmex
chr7_24	39449085	39449087	plat
chr7_24	39465019	39465026	pmex
chr7_24	39475981	39475983	pmex
chr7_24	39500154	39500156	plat
chr7_24	39500185	39500187	plat
chr7_24	39684495	39684497	pmex
chr7_24	39684497	39684499	pmex
chr7_24	39688694	39688696	mix
chr7_24	39688705	39688707	pmex
chr7_24	39692443	39692445	plat
chr7_24	39699849	39699851	pmex
chr7_24	39715850	39715852	pmex
chr7_24	39721763	39721765	plat
chr7_24	39724920	39724922	plat
chr7_24	39743938	39743940	plat
chr7_24	39868358	39868360	plat
chr7_24	39868912	39868914	plat
chr7_24	39879675	39879677	plat
chr7_24	39887956	39887958	pmex
chr7_24	39927198	39927200	plat
chr7_24	39976656	39976658	plat
chr7_24	40014769	40014771	plat
chr7_24	40023175	40023177	pmex
chr7_24	40033857	40033859	plat
chr7_24	40051523	40051525	plat
chr7_24	40052894	40052896	plat
chr7_24	40131445	40131447	plat
chr7_24	40147832	40147834	plat
chr7_24	40180251	40180253	plat
chr7_24	40204574	40204576	plat
chr7_24	40295489	40295491	pmex
chr7_24	40298631	40298633	plat
chr7_24	40365739	40365741	pmex
chr7_24	40368526	40368528	plat
chr7_24	40368548	40368550	plat
chr7_24	40376504	40376506	plat
chr7_24	40391597	40391599	plat
chr7_24	40391606	40391608	plat
chr7_24	40395871	40395873	pmex
chr7_24	40404529	40404531	pmex
chr7_24	40426933	40426935	pmex
chr7_24	40452938	40452940	plat
chr7_24	40458593	40458595	plat
chr7_24	40470842	40470844	plat
chr7_24	40486388	40486390	plat
chr7_24	40517867	40517869	pmex
chr7_24	40521075	40521077	plat
chr7_24	40535027	40535029	pmex
chr7_24	40570754	40570756	plat
chr7_24	40578958	40578960	plat
chr7_24	40611906	40611908	pmex
chr7_24	40629079	40629081	plat
chr7_24	40766112	40766114	pmex
chr7_24	40786830	40786832	plat
chr7_24	40830191	40830193	pmex
chr7_24	40832855	40832857	plat
chr7_24	40880722	40880724	plat
chr7_24	40881427	40881429	pmex
chr7_24	40941081	40941083	pmex
chr7_24	40941093	40941095	pmex
chr7_24	40941171	40941205	plat
chr7_24	40941217	40941219	plat
chr7_24	40985416	40985418	plat
chr7_24	40985418	40985420	plat
chr7_24	40998833	40998835	plat
chr7_24	40998845	40998847	plat
chr7_24	41016215	41016217	pmex
chr7_24	41033399	41033401	plat
chr7_24	41071649	41071651	plat
chr7_24	41078733	41078735	plat
chr7_24	41090609	41090611	plat
chr7_24	41096274	41096276	plat
chr7_24	41096285	41096287	plat
chr7_24	41132558	41132560	pmex
chr7_24	41139498	41139500	plat
chr7_24	41139505	41139507	plat
chr7_24	41182317	41184298	pmex
chr7_24	41191660	41191662	mix
chr7_24	41202496	41337765	pmex
chr7_24	41459300	41459302	plat
chr7_24	41474430	41474432	pmex
chr7_24	41557292	41557294	pmex
chr7_24	41561749	41561751	plat
chr7_24	41561751	41561753	plat
chr7_24	41565715	41619096	pmex
chr7_24	41626796	41632645	pmex
chr7_24	41732515	41732517	pmex
chr7_24	41732521	41732523	pmex
chr7_24	41775582	41775584	plat
chr7_24	41775609	41775611	plat
chr7_24	41806534	41806536	plat
chr7_24	41872041	41872043	pmex
chr7_24	41897924	41897926	pmex
chr7_24	41901159	41921211	pmex
chr7_24	41931071	41931073	plat
chr7_24	41934733	41934735	pmex
chr7_24	41950982	41950984	plat
chr7_24	41971155	41971157	plat
chr7_24	41995030	41995032	pmex
chr7_24	42001365	42001367	plat
chr7_24	42015889	42015891	plat
chr7_24	42016117	42016119	plat
chr7_24	42016119	42016121	plat
chr7_24	42040490	42040492	pmex
chr7_24	42069159	42069161	plat
chr7_24	42268694	42268696	mix
chr7_24	42268746	42268748	pmex
chr7_24	42268969	42268971	pmex
chr7_24	42269276	42269278	pmex
chr7_24	42282144	42282146	plat
chr7_24	42303297	42303299	plat
chr7_24	42310474	42310476	plat
chr7_24	42322970	42327690	pmex
chr7_24	42328029	42328031	mix
chr7_24	42335375	42335377	pmex
chr7_24	42337785	42337787	pmex
chr7_24	42338607	42338609	plat
chr7_24	42338608	42338610	plat
chr7_24	42355868	42355870	pmex
chr7_24	42366376	42366378	pmex
chr7_24	42366380	42366382	pmex
chr7_24	42394526	42394528	pmex
chr7_24	42431061	42431063	plat
chr7_24	42490127	42490129	pmex
chr7_24	42498362	42498364	plat
chr7_24	42561789	42561791	plat
chr7_24	42572776	42572778	plat
chr7_24	42599643	42599645	pmex
chr7_24	42608396	42608398	plat
chr7_24	42616815	42616817	plat
chr7_24	42624221	42624223	plat
chr7_24	42624410	42624412	plat
chr7_24	42645782	42645784	pmex
chr7_24	42646110	42646112	plat
chr7_24	42654844	42654846	pmex
chr7_24	42692914	42692920	plat
chr7_24	42747393	42747395	mix
chr7_24	42747396	42747398	mix
chr7_24	42748700	42748702	pmex
chr7_24	42756763	42756765	pmex
chr7_24	42799942	42799944	pmex
chr7_24	42810034	42810036	plat
chr7_24	42818766	42818768	pmex
chr7_24	42825021	42825023	pmex
chr7_24	42875721	42875723	plat
chr7_24	42904080	42904082	pmex
chr7_24	42938788	42938790	pmex
chr7_24	42938792	42938794	pmex
chr7_24	42942387	42942389	plat
chr7_24	42952133	42952135	plat
chr7_24	42958820	42958822	plat
chr7_24	42983448	42983450	plat
chr7_24	43017580	43017582	pmex
chr7_24	43023307	43023309	plat
chr7_24	43041234	43041236	plat
chr7_24	43077709	43077711	plat
chr7_24	43077758	43077760	plat
chr7_24	43082424	43082426	plat
chr7_24	43082478	43082480	plat
chr7_24	43097923	43097925	pmex
chr7_24	43113949	43113951	plat
chr7_24	43168901	43168903	pmex
chr7_24	43178642	43178644	pmex
chr7_24	43227333	43227335	plat
chr7_24	43285314	43285316	pmex
chr7_24	43368884	43368886	plat
chr7_24	43392920	43392922	plat
chr7_24	43409583	43409585	plat
chr7_24	43501020	43501022	plat
chr7_24	43501022	43501024	plat
chr7_24	43504822	43504824	pmex
chr7_24	43515520	43515522	pmex
chr7_24	43545818	43545820	pmex
chr7_24	43545909	43545911	plat
chr7_24	43559760	43559762	plat
chr7_24	43564352	43564354	plat
chr7_24	43671473	43671475	pmex
chr7_24	43671663	43671665	pmex
chr7_24	43671664	43671666	pmex
chr7_24	43724271	43724282	pmex
chr7_24	43731560	43731562	plat
chr7_24	43740770	43740772	plat
chr7_24	43784047	43784049	plat
chr7_24	43786859	43786861	plat
chr7_24	43797375	43797377	plat
chr7_24	43798098	43798100	plat
chr7_24	43828413	43828415	plat
chr7_24	43828428	43828430	plat
chr7_24	43838129	43838131	plat
chr7_24	43917025	43917027	plat
chr7_24	43938452	43938454	plat
chr7_24	43968031	43968033	plat
chr7_24	43969010	43969012	pmex
chr7_24	43998410	43998412	plat
chr7_24	44012905	44012907	plat
chr7_24	44049203	44049205	plat
chr7_24	44072068	44072070	pmex
chr7_24	44089999	44090001	plat
chr7_24	44098291	44098293	pmex
chr7_24	44098302	44098304	pmex
chr7_24	44154438	44154440	plat
chr7_24	44176529	44176531	plat
chr7_24	44212165	44212167	plat
chr7_24	44247301	44247303	pmex
chr7_24	44262424	44262426	plat
chr7_24	44262429	44262431	plat
chr7_24	44277853	44277855	pmex
chr7_24	44277895	44277897	pmex
chr7_24	44285920	44285922	plat
chr7_24	44327331	44327333	plat
chr7_24	44327334	44327336	plat
chr7_24	44329336	44329338	plat
chr7_24	44346081	44346083	plat
chr7_24	44354387	44354389	plat
chr7_24	44358957	44358959	pmex
chr7_24	44404998	44405000	plat
chr7_24	44457577	44457579	pmex
chr7_24	44460849	44460851	plat
chr7_24	44484343	44484345	plat
chr7_24	44492090	44492092	plat
chr7_24	44492096	44492098	plat
chr7_24	44620477	44620479	pmex
chr7_24	44641668	44641670	plat
chr7_24	44641674	44641676	plat
chr7_24	44649252	44649254	pmex
chr7_24	44649262	44649264	pmex
chr7_24	44685406	44685408	pmex
chr7_24	44688183	44688185	pmex
chr7_24	44707557	44707559	pmex
chr7_24	44726094	44726096	pmex
chr7_24	44738600	44738602	pmex
chr7_24	44762472	44762474	pmex
chr7_24	44783090	44783092	plat
chr7_24	44783094	44783096	plat
chr7_24	44787870	44787872	plat
chr7_24	44794384	44794386	plat
chr7_24	44809703	44809710	pmex
chr7_24	44810374	44810376	pmex
chr7_24	44833110	44833112	pmex
chr7_24	44856591	44856593	plat
chr7_24	44856601	44856603	plat
chr7_24	44856618	44856620	plat
chr7_24	44856636	44858177	plat
chr7_24	44906156	44906158	pmex
chr7_24	44954239	44954241	pmex
chr7_24	44960098	44960100	pmex
chr7_24	45000911	45000913	pmex
chr7_24	45001570	45001572	plat
chr7_24	45028079	45028081	plat
chr7_24	45058613	45058615	plat
chr7_24	45069092	45069094	pmex
chr7_24	45071051	45071053	pmex
chr7_24	45071410	45071412	plat
chr7_24	45077085	45077087	plat
chr7_24	45080276	45080278	pmex
chr7_24	45102586	45102588	plat
chr7_24	45111532	45111534	plat
chr7_24	45118237	45118239	pmex
chr7_24	45132569	45132571	plat
chr7_24	45149201	45149203	pmex
chr7_24	45184606	45184608	plat
chr7_24	45204341	45204343	pmex
chr7_24	45214378	45214380	plat
chr7_24	45223811	45223813	pmex
chr7_24	45276273	45276275	plat
chr7_24	45314350	45314352	pmex
chr7_24	45336250	45336252	plat
chr7_24	45366056	45366058	plat
chr7_24	45378297	45378299	pmex
chr7_24	45386774	45386776	pmex
chr7_24	45390921	45390923	plat
chr7_24	45390922	45390924	plat
chr7_24	45393279	45393281	plat
chr7_24	45416681	45416683	plat
chr7_24	45417767	45417769	plat
chr7_24	45422166	45422168	pmex
chr7_24	45442082	45442084	plat
chr7_24	45442087	45442089	plat
chr7_24	45452933	45452935	pmex
chr7_24	45492309	45492311	pmex
chr7_24	45493584	45493586	pmex
chr7_24	45538796	45538798	pmex
chr7_24	45549954	45549956	plat
chr7_24	45551270	45551272	plat
chr7_24	45585930	45585932	pmex
chr7_24	46358323	46358325	plat
chr7_24	46480154	46480156	plat
chr7_24	46518756	46518758	pmex
chr7_24	46522399	46522401	plat
chr7_24	46550354	46563663	plat
chr7_24	46607774	46607776	plat
chr7_24	46607776	46607778	plat
chr7_24	46627745	46627747	plat
chr7_24	46677236	46677238	plat
chr7_24	46692914	46692916	pmex
chr7_24	46695783	46695785	pmex
chr7_24	46708520	46708522	plat
chr7_24	46712027	46712029	pmex
chr7_24	46725547	46725566	plat
chr7_24	46757713	46757715	plat
chr7_24	46830108	46830110	pmex
chr7_24	46840561	46840563	pmex
chr7_24	46840562	46840564	pmex
chr7_24	46870026	46870028	plat
chr7_24	46952144	46952146	plat
chr7_24	46966983	46966985	mix
chr7_24	46971839	46971841	plat
chr7_24	46974194	46974196	plat
chr7_24	47004913	47004915	plat
chr7_24	47007470	47007472	plat
chr7_24	47016466	47016468	plat
chr7_24	47020096	47020098	pmex
chr7_24	47030468	47030470	plat
chr7_24	47035609	47035611	pmex
chr7_24	47051144	47051146	pmex
chr7_24	47104957	47104959	pmex
chr7_24	47232051	47232072	plat
chr7_24	47246406	47246408	plat
chr7_24	47251385	47251387	pmex
chr7_24	47251386	47251388	pmex
chr7_24	47267013	47267015	pmex
chr7_24	47277442	47277444	pmex
chr7_24	47298338	47306806	plat
chr7_24	47315103	47315105	mix
chr7_24	47316956	47320542	plat
chr7_24	47323096	47323098	mix
chr7_24	47323099	47323101	mix
chr7_24	47323334	47323880	plat
chr7_24	47342705	47342707	plat
chr7_24	47347260	47347262	plat
chr7_24	47349469	47349471	pmex
chr7_24	47375734	47375736	plat
chr7_24	47377613	47377615	plat
chr7_24	47377625	47377627	plat
chr7_24	47377630	47377632	plat
chr7_24	47379114	47405682	plat
chr7_24	47407221	47407223	mix
chr7_24	47408630	47493222	plat
chr7_24	47494310	47494312	plat
chr7_24	47494422	47515937	plat
chr7_24	47516748	47516750	plat
chr7_24	47517397	47518657	plat
chr7_24	47519149	47519151	plat
chr7_24	47521555	47521557	plat
chr7_24	47521603	47567233	plat
chr7_24	47569567	47569569	mix
chr7_24	47571369	47571371	plat
chr7_24	47582072	47660378	plat
chr7_24	47660859	47660861	plat
chr7_24	47661540	47684742	plat
chr7_24	47685505	47685507	plat
chr7_24	47685515	47685517	plat
chr7_24	47690533	47936254	plat
chr7_24	47936922	47936924	mix
chr7_24	47939592	47982697	plat
chr7_24	47983577	47983579	plat
chr7_24	47989947	48068625	plat
chr7_24	48079961	48079963	plat
chr7_24	48080417	48140276	plat
chr7_24	48140294	48140296	plat
chr7_24	48140707	48268081	plat
chr7_24	48270329	48270331	plat
chr7_24	48270360	48270362	plat
chr7_24	48273574	48273576	plat
chr7_24	48275397	48305290	plat
chr7_24	48305355	48305357	mix
chr7_24	48310244	48329946	plat
chr7_24	48334220	48334222	plat
chr7_24	48334641	48422452	plat
chr7_24	48428899	48428901	plat
chr7_24	48435555	48480271	plat
