chrom	start	end	pop	theta_pi	theta_w	nsites	D	D_dmin	Dprime	theta_H	H	H_hmin	Hprime	E	E_Emin	Eprime
chr10	2772623	2774662	Plat	0.153846	0.524115	16	-1.650527	-1.000000	-1.000000	NA	NA	NA	NA	NA	NA	NA
chr10	2772623	2774662	Pmex	0.731579	0.845609	16	-0.403636	-0.208996	-0.208996	0.421053	0.759290	0.182663	0.210714	-0.670747	-0.573457	-0.573457
chr10	2778791	2781734	Plat	1.095385	2.358516	26	-1.794143	-0.758087	-0.758087	0.080000	1.176338	3.300000	0.218833	-1.526614	-0.982748	-0.982748
chr10	2778791	2781734	Pmex	0.852632	0.845609	26	0.024859	0.012871	0.009576	0.368421	1.183978	0.284830	0.328571	-0.753899	-0.644547	-0.644547
chr10	5811619	5813133	Plat	0.618462	0.786172	15	-0.564368	-0.301962	-0.301962	0.320000	0.754621	0.168696	0.201663	-0.787409	-0.660140	-0.660140
chr10	5811619	5813133	Pmex	0.673684	0.563739	15	0.523015	0.302263	0.224886	0.421053	0.797864	0.140351	0.266667	-0.310857	-0.311219	-0.311219
chr10	5813284	5816555	Plat	1.144615	1.310287	39	-0.380169	-0.178974	-0.178974	1.520000	-0.672276	-0.143529	-0.143529	0.234178	0.176187	0.124112
chr10	5813284	5816555	Pmex	1.805263	2.254957	39	-0.717185	-0.309077	-0.309077	1.052632	0.918841	0.179198	0.190667	-0.811268	-0.603638	-0.603638
chr10	5816664	5818005	Plat	0.932308	1.048230	28	-0.315693	-0.156537	-0.156537	2.480000	-3.234192	-0.574857	-0.574857	1.922822	1.542475	0.733575
chr10	5816664	5818005	Pmex	1.710526	1.127478	28	1.652770	0.801464	0.596295	1.631579	0.159335	0.021930	0.041667	0.626713	0.549757	0.175491
chr10	5818138	5822630	Plat	4.538462	4.717033	68	-0.137626	-0.053586	-0.053586	4.600000	-0.040424	-0.004878	-0.004878	-0.041420	-0.028153	-0.028153
chr10	5818138	5822630	Pmex	3.715789	3.382435	68	0.371278	0.152744	0.113643	4.210526	-0.437920	-0.063428	-0.063428	0.384089	0.284690	0.147411
chr10	5822700	5825470	Plat	1.076923	1.048230	9	0.078142	0.038747	0.027810	1.480000	-0.842304	-0.149714	-0.149714	0.579854	0.465155	0.221220
chr10	5825548	5825843	Pmex	0.336842	0.281870	2	0.414529	0.302263	0.224886	0.842105	-2.395023	-0.561404	-0.561404	2.017067	2.443904	0.780131
chr10	5825964	5826208	Pmex	0.773684	0.563739	7	0.998720	0.577185	0.429430	1.315789	-1.712083	-0.301170	-0.301170	1.638419	1.640326	0.523617
chr10	5826630	5829854	Plat	0.636923	1.048230	14	-1.120121	-0.555416	-0.555416	0.280000	0.745857	0.210909	0.178462	-1.031707	-0.793437	-0.793437
chr10	5826630	5829854	Pmex	0.773684	0.845609	14	-0.254594	-0.131825	-0.131825	0.421053	0.862245	0.207430	0.239286	-0.670747	-0.573457	-0.573457
chr10	5830006	5833831	Plat	3.046154	2.882631	49	0.195473	0.080297	0.057632	2.600000	0.441111	0.062366	0.082621	-0.157950	-0.110289	-0.110289
chr10	5830006	5833831	Pmex	2.836842	2.536827	49	0.431741	0.183291	0.136370	3.894737	-1.178779	-0.148999	-0.148999	0.822631	0.641803	0.248557
chr10	5833953	5836372	Plat	0.667692	1.572344	42	-1.796675	-0.814411	-0.814411	1.200000	-0.836662	-0.209697	-0.209697	-0.356143	-0.256375	-0.256375
chr10	5833953	5836372	Pmex	1.742105	1.973087	42	-0.413221	-0.181435	-0.181435	4.105263	-3.193133	-0.445879	-0.445879	1.623667	1.286538	0.529482
chr10	5836896	5840726	Plat	0.572308	1.048230	27	-1.296090	-0.642671	-0.642671	1.960000	-2.899842	-0.515429	-0.515429	1.224478	0.982268	0.467150
chr10	5836896	5840726	Pmex	1.189474	1.691218	27	-1.022540	-0.459802	-0.459802	1.736842	-0.829225	-0.228070	-0.228070	0.039879	0.029755	0.034860
chr10	5841682	5886055	Plat	16.676923	19.392246	430	-0.547148	-0.198200	-0.198200	16.160000	0.093308	0.013151	0.014093	-0.291348	-0.183731	-0.183731
chr10	5841682	5886055	Pmex	17.503887	17.475916	430	0.006567	0.002483	0.001845	18.012384	-0.103740	-0.011353	-0.011353	0.050819	0.036283	0.016002
chr10	5886768	5893396	Plat	0.335726	0.786172	32	-1.515809	-0.864223	-0.864223	0.080000	0.646571	0.347907	0.167206	-1.192792	-0.946393	-0.946393
chr10	5886768	5893396	Pmex	0.768421	1.691218	32	-1.880634	-0.845658	-0.845658	1.157895	-0.590025	-0.278195	-0.278195	-0.466162	-0.336279	-0.336279
chr10	5893797	5898353	Plat	1.661538	1.310287	22	0.806022	0.379456	0.272349	1.480000	0.325117	0.050213	0.074401	0.189511	0.147540	0.063097
chr10	5893797	5898353	Pmex	2.068421	1.973087	22	0.170550	0.074884	0.055714	1.315789	1.016967	0.228070	0.216667	-0.500537	-0.372922	-0.372922
chr10	6987555	6990607	Plat	1.673846	1.834402	58	-0.281334	-0.123891	-0.123891	1.800000	-0.176998	-0.023099	-0.023099	-0.028791	-0.021577	-0.021577
chr10	6987555	6990607	Pmex	2.184211	1.973087	58	0.377694	0.165836	0.123383	1.421053	1.031190	0.177479	0.223077	-0.420378	-0.322841	-0.322841
chr10	6990660	6992477	Pmex	0.436842	0.563739	12	-0.603657	-0.348868	-0.348868	0.210526	0.714753	0.282895	0.226316	-0.769511	-0.691073	-0.691073
chr10	6993519	7001647	Plat	5.556923	6.027320	123	-0.289368	-0.110471	-0.110471	5.120000	0.231943	0.033023	0.038462	-0.254539	-0.167176	-0.167176
chr10	6993519	7001647	Pmex	2.100000	3.382435	123	-1.428333	-0.587617	-0.587617	2.684211	-0.517118	-0.121711	-0.121711	-0.323854	-0.227684	-0.227684
chr10	7001764	7022765	Plat	8.899086	9.434066	217	-0.215972	-0.080346	-0.080346	6.613913	0.810757	0.094334	0.129558	-0.514193	-0.337719	-0.337719
chr10	7001764	7022765	Pmex	9.489474	10.711045	217	-0.461478	-0.176756	-0.176756	12.578947	-0.997263	-0.117919	-0.117919	0.286246	0.204542	0.096838
chr10	7022944	7026184	Plat	1.593846	1.310287	36	0.650687	0.306328	0.219862	2.320000	-1.300469	-0.157333	-0.157333	1.127503	0.909416	0.273656
chr10	7022944	7026184	Pmex	0.915789	0.845609	36	0.248421	0.128628	0.095700	2.526316	-3.938013	-0.596491	-0.596491	2.655313	2.443904	0.780131
chr10	7026581	7026673	Pmex	0.268421	0.281870	1	-0.101411	-0.073946	-0.073946	0.157895	0.523911	0.122807	0.233333	-0.446358	-0.540813	-0.540813
chr10	7026778	7027648	Plat	0.640000	0.524115	14	0.516576	0.312976	0.224634	0.480000	0.521662	0.086667	0.166667	-0.101177	-0.099332	-0.099332
chr10	7027738	7028430	Plat	0.852308	0.524115	20	1.462968	0.886364	0.636174	1.480000	-2.046518	-0.340000	-0.340000	2.192329	2.152338	0.647669
chr10	7027738	7028430	Pmex	0.521053	0.281870	20	1.803597	1.315135	0.978469	0.473684	0.224533	0.052632	0.100000	0.690607	0.836749	0.267103
chr10	7028565	7028840	Plat	0.076923	0.262057	7	-1.280912	-1.000000	-1.000000	NA	NA	NA	NA	NA	NA	NA
chr10	7028911	7029792	Plat	0.147692	0.262057	6	-0.791272	-0.617741	-0.617741	0.080000	0.330583	0.073333	0.141026	-0.672565	-0.819866	-0.819866
chr10	7028911	7029792	Pmex	0.478947	0.281870	6	1.486095	1.083621	0.806221	0.368421	0.523911	0.122807	0.233333	0.311619	0.377561	0.120523
chr10	7031103	7032374	Plat	0.289231	0.524115	16	-1.047030	-0.634361	-0.634361	1.120000	-2.708627	-0.450000	-0.450000	1.366666	1.341737	0.403748
chr10	7031103	7032374	Pmex	0.478947	0.281870	16	1.486095	1.083621	0.806221	0.368421	0.523911	0.122807	0.233333	0.311619	0.377561	0.120523
chr10	7032493	7033616	Plat	0.147692	0.262057	7	-0.791272	-0.617741	-0.617741	0.080000	0.330583	0.073333	0.141026	-0.672565	-0.819866	-0.819866
chr10	7033902	7035358	Plat	0.910769	1.048230	20	-0.374349	-0.185622	-0.185622	0.520000	0.816585	0.145143	0.199372	-0.709395	-0.569072	-0.569072
chr10	7035460	7037490	Plat	0.520000	1.048230	18	-1.438541	-0.713306	-0.713306	0.240000	0.585112	0.104000	0.142857	-1.085426	-0.870722	-0.870722
chr10	7035460	7037490	Pmex	0.336842	0.281870	18	0.414529	0.302263	0.224886	0.210526	0.598756	0.140351	0.266667	-0.256864	-0.311219	-0.311219
chr10	7037525	7038992	Plat	1.363077	1.048230	9	0.857432	0.425161	0.305153	2.160000	-1.665320	-0.296000	-0.296000	1.493072	1.197732	0.569622
chr10	7039024	7040633	Plat	0.418462	0.524115	19	-0.470965	-0.285342	-0.285342	0.240000	0.581853	0.096667	0.185897	-0.651619	-0.639733	-0.639733
chr10	7039024	7040633	Pmex	0.189474	0.281870	19	-0.696726	-0.508034	-0.508034	0.947368	-3.592534	-0.842105	-0.842105	2.396056	2.903091	0.926710
chr10	7042479	7043077	Plat	0.683077	0.786172	7	-0.346929	-0.185622	-0.185622	0.400000	0.715723	0.102222	0.196581	-0.652282	-0.579688	-0.579688
chr10	7043562	7044070	Plat	0.360000	0.524115	10	-0.731566	-0.443232	-0.443232	1.000000	-2.086646	-0.346667	-0.346667	1.091446	1.071537	0.322441
chr10	7043562	7044070	Pmex	0.505263	0.281870	10	1.684534	1.228317	0.913876	0.421053	0.399170	0.093567	0.177778	0.501113	0.607155	0.193813
chr10	7044650	7045202	Plat	0.224615	0.524115	10	-1.335063	-0.808871	-0.808871	0.080000	0.471502	0.170909	0.144615	-1.018580	-0.917375	-0.917375
chr10	7045315	7054664	Plat	3.483077	4.192918	82	-0.608742	-0.239637	-0.239637	5.520000	-1.479081	-0.262178	-0.262178	0.524590	0.346233	0.276068
chr10	7045315	7054664	Pmex	1.231579	1.409348	82	-0.421235	-0.195491	-0.195491	0.684211	0.945721	0.156391	0.226087	-0.744076	-0.604875	-0.604875
chr10	10237755	10243451	Plat	1.316923	1.834402	48	-0.906753	-0.399307	-0.399307	0.840000	0.669139	0.137778	0.137047	-0.832233	-0.593885	-0.593885
chr10	10237755	10243451	Pmex	4.194737	3.100566	48	1.317826	0.546931	0.406920	3.263158	0.884971	0.157895	0.171845	0.081802	0.059511	0.041696
chr10	10243558	10243669	Plat	0.076923	0.262057	3	-1.280912	-1.000000	-1.000000	NA	NA	NA	NA	NA	NA	NA
chr10	10243820	10243926	Pmex	0.478947	0.281870	1	1.486095	1.083621	0.806221	0.684211	-0.972978	-0.228070	-0.228070	1.448584	1.755123	0.560262
chr10	10244067	10245654	Plat	0.270769	0.262057	4	0.060276	0.047057	0.033774	0.160000	0.540955	0.120000	0.230769	-0.377025	-0.459599	-0.459599
chr10	10246971	10249557	Plat	0.547692	0.786172	24	-0.802516	-0.429382	-0.429382	0.280000	0.676825	0.151304	0.180873	-0.854973	-0.716783	-0.716783
chr10	10246971	10249557	Pmex	1.657895	1.127478	24	1.503575	0.729116	0.542467	3.000000	-2.708698	-0.372807	-0.372807	2.327974	2.042115	0.651874
chr10	10249900	10250757	Plat	1.489231	2.096459	33	-0.952519	-0.409992	-0.409992	0.520000	1.229510	0.221053	0.244755	-1.173107	-0.831264	-0.831264
chr10	10249900	10250757	Pmex	0.873684	0.845609	33	0.099380	0.051457	0.038284	0.526316	0.849375	0.128655	0.244444	-0.504444	-0.464282	-0.464282
chr10	10252241	10253574	Plat	0.212308	0.262057	2	-0.344209	-0.268722	-0.268722	0.920000	-3.456100	-0.766667	-0.766667	2.430603	2.962940	0.891590
chr10	10420490	10423518	Plat	1.190769	1.048230	36	0.388182	0.192482	0.138151	2.320000	-2.359738	-0.419429	-0.419429	1.707947	1.370103	0.651598
chr10	10420490	10423518	Pmex	2.747368	1.973087	36	1.385170	0.608192	0.452499	3.789474	-1.408108	-0.165414	-0.165414	1.383191	1.131940	0.361332
chr10	10425996	10426083	Plat	0.076923	0.262057	2	-1.280912	-1.000000	-1.000000	NA	NA	NA	NA	NA	NA	NA
chr10	10426979	10428895	Plat	0.864615	1.048230	11	-0.500041	-0.247947	-0.247947	1.920000	-2.205423	-0.392000	-0.392000	1.170760	0.939176	0.446656
chr10	10426979	10428895	Pmex	0.836842	0.563739	11	1.299166	0.750821	0.558616	0.578947	0.814486	0.143275	0.272222	0.033133	0.033171	0.010589
chr10	10428948	10429476	Plat	1.329231	1.310287	17	0.043471	0.020465	0.014688	1.440000	-0.198377	-0.042353	-0.042353	0.144845	0.108976	0.076766
chr10	10428948	10429476	Pmex	0.631579	0.563739	17	0.322717	0.186506	0.138762	1.263158	-1.994660	-0.350877	-0.350877	1.523756	1.525529	0.486972
chr10	10429526	10429619	Pmex	0.100000	0.281870	3	-1.371416	-1.000000	-1.000000	NA	NA	NA	NA	NA	NA	NA
chr10	10429956	10430788	Plat	0.449231	1.048230	20	-1.631268	-0.808871	-0.808871	0.160000	0.604402	0.170909	0.144615	-1.192864	-0.917375	-0.917375
chr10	10429956	10430788	Pmex	0.715789	0.845609	20	-0.459527	-0.237935	-0.237935	2.736842	-4.941820	-0.748538	-0.748538	2.987919	2.750028	0.877850
chr10	10431084	10431617	Plat	1.295385	0.786172	15	1.713567	0.916834	0.658044	1.080000	0.544572	0.077778	0.149573	0.496303	0.441069	0.132724
chr10	10431084	10431617	Pmex	1.010526	0.563739	15	2.125392	1.228317	0.913876	1.263158	-0.797864	-0.140351	-0.140351	1.523756	1.525529	0.486972
chr10	10431691	10432349	Plat	0.076923	0.262057	3	-1.280912	-1.000000	-1.000000	NA	NA	NA	NA	NA	NA	NA
chr10	10431691	10432349	Pmex	0.100000	0.281870	3	-1.371416	-1.000000	-1.000000	NA	NA	NA	NA	NA	NA	NA
chr10	10432486	10435080	Plat	0.800000	1.048230	25	-0.676010	-0.335202	-0.335202	1.040000	-0.501525	-0.141818	-0.141818	-0.011052	-0.008500	-0.008500
chr10	10432486	10435080	Pmex	1.873684	1.409348	25	1.100272	0.510625	0.379909	1.842105	0.054561	0.009023	0.013043	0.444060	0.360985	0.167046
chr10	10435244	10436052	Plat	0.076923	0.262057	1	-1.280912	-1.000000	-1.000000	NA	NA	NA	NA	NA	NA	NA
chr10	10437058	10437134	Pmex	0.189474	0.281870	3	-0.696726	-0.508034	-0.508034	0.105263	0.399170	0.093567	0.177778	-0.635852	-0.770406	-0.770406
chr10	10437250	10437777	Pmex	0.378947	0.563739	2	-0.879065	-0.508034	-0.508034	0.210526	0.531909	0.093567	0.177778	-0.769511	-0.770406	-0.770406
chr10	10440428	10441366	Plat	0.704615	0.786172	9	-0.274449	-0.146843	-0.146843	0.440000	0.669045	0.095556	0.183761	-0.584718	-0.519644	-0.519644
chr10	10441462	10442007	Pmex	1.315789	1.127478	5	0.533807	0.258854	0.192589	2.210526	-1.805799	-0.248538	-0.248538	1.346477	1.181139	0.377037
chr10	10442180	10449844	Plat	3.661538	5.503205	79	-1.232355	-0.473702	-0.473702	6.560000	-1.666369	-0.254595	-0.254595	0.323276	0.212071	0.140966
chr10	10442180	10449844	Pmex	1.252632	1.973087	79	-1.288878	-0.565912	-0.565912	1.526316	-0.369806	-0.082935	-0.082935	-0.340220	-0.253479	-0.253479
chr10	10450168	10450906	Plat	0.470769	0.262057	6	1.444041	1.127354	0.809141	0.360000	0.540955	0.120000	0.230769	0.361824	0.441069	0.132724
chr10	10451024	10451408	Plat	0.147692	0.262057	4	-0.791272	-0.617741	-0.617741	0.080000	0.330583	0.073333	0.141026	-0.672565	-0.819866	-0.819866
chr10	10451024	10451408	Pmex	0.394737	0.281870	4	0.851093	0.620594	0.461726	0.263158	0.623704	0.146199	0.277778	-0.067369	-0.081626	-0.081626
chr10	10451768	10452749	Plat	0.147692	0.262057	2	-0.791272	-0.617741	-0.617741	0.080000	0.330583	0.073333	0.141026	-0.672565	-0.819866	-0.819866
chr10	10453557	10454450	Plat	0.556923	0.524115	11	0.146248	0.088607	0.063596	0.840000	-0.922940	-0.153333	-0.153333	0.724485	0.711269	0.214031
chr10	10454952	10456035	Plat	0.076923	0.262057	8	-1.280912	-1.000000	-1.000000	NA	NA	NA	NA	NA	NA	NA
chr10	10454952	10456035	Pmex	0.289474	0.563739	8	-1.304697	-0.754017	-0.754017	0.947368	-2.077771	-0.822368	-0.822368	0.835776	0.750584	0.879358
chr10	10456209	10456369	Plat	0.076923	0.262057	4	-1.280912	-1.000000	-1.000000	NA	NA	NA	NA	NA	NA	NA
chr10	10456209	10456369	Pmex	0.100000	0.281870	4	-1.371416	-1.000000	-1.000000	1.000000	-4.266135	-1.000000	-1.000000	2.585550	3.132684	1.000000
chr10	10456726	10458428	Plat	0.224615	0.524115	8	-1.335063	-0.808871	-0.808871	1.080000	-2.788883	-0.463333	-0.463333	1.274926	1.251670	0.376645
chr10	10458530	10458860	Plat	0.212308	0.262057	10	-0.344209	-0.268722	-0.268722	0.120000	0.450796	0.100000	0.192308	-0.524795	-0.639733	-0.639733
chr10	10458530	10458860	Pmex	0.300000	0.845609	10	-1.931313	-1.000000	-1.000000	1.000000	-1.711620	-1.000000	-1.000000	0.243919	0.194698	1.000000
chr11	2090136	2095346	Plat	2.480000	1.572344	57	1.802640	0.817115	0.586471	2.320000	0.251482	0.028889	0.055556	0.715124	0.561158	0.168860
chr11	2090136	2095346	Pmex	2.647368	2.254957	57	0.625830	0.269707	0.200664	1.789474	1.047351	0.138370	0.223288	-0.314085	-0.246740	-0.246740
chr11	2095427	2097442	Plat	0.270769	0.262057	11	0.060276	0.047057	0.033774	0.160000	0.540955	0.120000	0.230769	-0.377025	-0.459599	-0.459599
chr11	2095427	2097442	Pmex	0.673684	0.563739	11	0.523015	0.302263	0.224886	1.684211	-3.191456	-0.561404	-0.561404	2.441062	2.443904	0.780131
chr11	2097538	2101368	Plat	0.153846	0.524115	21	-1.650527	-1.000000	-1.000000	NA	NA	NA	NA	NA	NA	NA
chr11	2097538	2101368	Pmex	1.136842	1.409348	21	-0.645719	-0.299672	-0.299672	1.578947	-0.763852	-0.176842	-0.176842	0.174029	0.135522	0.106623
chr11	2101519	2103418	Plat	1.326154	1.572344	37	-0.488944	-0.221632	-0.221632	0.760000	0.889860	0.160000	0.191268	-0.776998	-0.575174	-0.575174
chr11	2101519	2103418	Pmex	1.357895	2.254957	37	-1.430662	-0.616556	-0.616556	3.736842	-2.904310	-0.566416	-0.566416	0.999901	0.743993	0.539840
chr11	2103555	2104921	Plat	0.289231	0.524115	23	-1.047030	-0.634361	-0.634361	0.120000	0.551757	0.200000	0.169231	-0.926840	-0.834750	-0.834750
chr11	2103555	2104921	Pmex	0.100000	0.281870	23	-1.371416	-1.000000	-1.000000	NA	NA	NA	NA	NA	NA	NA
chr11	2105160	2107018	Plat	1.264615	1.310287	36	-0.104803	-0.049339	-0.049339	1.920000	-1.173728	-0.181277	-0.181277	0.680840	0.530053	0.226683
chr11	2105160	2107018	Pmex	2.163158	1.973087	36	0.340032	0.149299	0.111079	3.421053	-1.699686	-0.292534	-0.292534	1.102636	0.846798	0.478364
chr11	2107214	2108427	Plat	0.224615	0.524115	31	-1.335063	-0.808871	-0.808871	0.080000	0.471502	0.170909	0.144615	-1.018580	-0.917375	-0.917375
chr11	2107214	2108427	Pmex	2.005263	1.691218	31	0.640016	0.287794	0.214120	2.578947	-0.869091	-0.106238	-0.106238	0.775939	0.645421	0.206028
chr11	2108603	2109342	Plat	0.400000	0.524115	11	-0.553260	-0.335202	-0.335202	0.200000	0.652077	0.236364	0.200000	-0.743359	-0.669500	-0.669500
chr11	2108603	2109342	Pmex	1.347368	0.845609	11	1.776098	0.919632	0.684213	1.052632	0.720682	0.109162	0.207407	0.327071	0.301030	0.096093
chr11	2109412	2111298	Plat	0.424615	0.786172	11	-1.216686	-0.650981	-0.650981	0.160000	0.669045	0.344000	0.174089	-1.057665	-0.839179	-0.839179
chr11	2109412	2111298	Pmex	1.268421	0.845609	11	1.496645	0.774937	0.576558	0.526316	1.814575	0.436533	0.503571	-0.504444	-0.431276	-0.431276
chr11	2111397	2111469	Pmex	0.100000	0.281870	2	-1.371416	-1.000000	-1.000000	NA	NA	NA	NA	NA	NA	NA
chr11	2111522	2112479	Plat	0.492308	0.262057	2	1.593062	1.243693	0.892642	0.400000	0.450796	0.100000	0.192308	0.509594	0.621203	0.186929
chr11	4267999	4268165	Plat	0.147692	0.262057	2	-0.791272	-0.617741	-0.617741	0.080000	0.330583	0.073333	0.141026	-0.672565	-0.819866	-0.819866
chr11	4269430	4270144	Plat	0.664615	0.524115	10	0.626302	0.379456	0.272349	1.440000	-2.528052	-0.420000	-0.420000	2.100588	2.062272	0.620567
chr11	4269430	4270144	Pmex	0.505263	0.281870	10	1.684534	1.228317	0.913876	0.421053	0.399170	0.093567	0.177778	0.501113	0.607155	0.193813
chr11	4270816	4272766	Plat	0.732308	0.786172	12	-0.181261	-0.096983	-0.096983	0.440000	0.739061	0.165217	0.197505	-0.584718	-0.490209	-0.490209
chr11	4270816	4272766	Pmex	0.189474	0.281870	12	-0.696726	-0.508034	-0.508034	0.105263	0.399170	0.093567	0.177778	-0.635852	-0.770406	-0.770406
chr11	4272868	4273129	Pmex	0.100000	0.281870	1	-1.371416	-1.000000	-1.000000	NA	NA	NA	NA	NA	NA	NA
chr11	4274473	4274575	Plat	0.076923	0.262057	1	-1.280912	-1.000000	-1.000000	NA	NA	NA	NA	NA	NA	NA
chr11	4274637	4276015	Plat	1.160000	1.048230	11	0.304387	0.150932	0.108329	1.040000	0.250762	0.044571	0.061224	-0.011052	-0.008866	-0.008866
chr11	4274637	4276015	Pmex	0.100000	0.281870	11	-1.371416	-1.000000	-1.000000	1.000000	-4.266135	-1.000000	-1.000000	2.585550	3.132684	1.000000
chr12	16770315	16771259	Plat	0.516923	0.524115	13	-0.032058	-0.019423	-0.019423	0.320000	0.642045	0.106667	0.205128	-0.468138	-0.459599	-0.459599
chr12	16770315	16771259	Pmex	0.826316	1.127478	13	-0.853708	-0.413982	-0.413982	0.526316	0.605474	0.500000	0.146154	-0.747383	-0.559301	-0.559301
chr12	16772919	16773163	Plat	1.113846	0.786172	7	1.102666	0.589975	0.423446	1.000000	0.287845	0.064348	0.076923	0.361176	0.302798	0.176160
chr12	16773232	16774566	Plat	1.544615	1.310287	29	0.537717	0.253144	0.181690	1.080000	0.832080	0.128511	0.190416	-0.257151	-0.200200	-0.200200
chr12	16773232	16774566	Pmex	0.100000	0.281870	29	-1.371416	-1.000000	-1.000000	NA	NA	NA	NA	NA	NA	NA
chr12	26097633	26102906	Plat	2.258462	2.096459	65	0.254123	0.109382	0.078507	1.760000	0.632319	0.092571	0.127159	-0.250373	-0.181237	-0.181237
chr12	26097633	26102906	Pmex	2.821053	2.536827	65	0.409019	0.173645	0.129193	2.105263	0.797582	0.117343	0.163855	-0.261444	-0.199023	-0.199023
chr12	26103268	26108695	Plat	1.406154	1.834402	53	-0.750398	-0.330453	-0.330453	1.120000	0.401484	0.082667	0.082228	-0.597896	-0.426661	-0.426661
chr12	26103268	26108695	Pmex	4.110526	2.818696	53	1.693894	0.710306	0.528472	2.578947	1.570427	0.306316	0.309574	-0.131787	-0.095788	-0.095788
chr12	26108702	26112937	Plat	1.292308	2.096459	49	-1.261419	-0.542951	-0.542951	0.640000	0.827480	0.121143	0.166405	-1.083810	-0.784536	-0.784536
chr12	26108702	26112937	Pmex	2.152632	2.536827	49	-0.552880	-0.234719	-0.234719	1.842105	0.346010	0.100170	0.068605	-0.420867	-0.298638	-0.298638
chr12	26113079	26113659	Plat	0.076923	0.262057	8	-1.280912	-1.000000	-1.000000	NA	NA	NA	NA	NA	NA	NA
chr12	26113079	26113659	Pmex	0.736842	1.409348	8	-1.593543	-0.739547	-0.739547	1.842105	-1.909630	-0.736842	-0.736842	0.444060	0.331847	0.732677
chr12	26113843	26114745	Plat	1.160000	0.786172	18	1.257980	0.673075	0.483089	1.000000	0.404539	0.057778	0.111111	0.361176	0.320980	0.096587
chr12	26113843	26114745	Pmex	0.189474	0.281870	18	-0.696726	-0.508034	-0.508034	0.105263	0.399170	0.093567	0.177778	-0.635852	-0.770406	-0.770406
chr12	26114867	26115511	Plat	0.270769	0.262057	14	0.060276	0.047057	0.033774	0.160000	0.540955	0.120000	0.230769	-0.377025	-0.459599	-0.459599
chr12	26114867	26115511	Pmex	0.973684	0.845609	14	0.453354	0.234738	0.174647	0.631579	0.836506	0.201238	0.232143	-0.338141	-0.289095	-0.289095
chr12	26115663	26117000	Plat	0.695385	1.048230	23	-0.960911	-0.476472	-0.476472	1.320000	-1.305250	-0.232000	-0.232000	0.364979	0.292784	0.139243
chr12	26115663	26117000	Pmex	1.257895	1.409348	23	-0.358878	-0.166552	-0.166552	1.578947	-0.554702	-0.091729	-0.091729	0.174029	0.141472	0.065466
chr12	26117107	26121136	Plat	2.292876	3.144689	67	-0.943721	-0.384530	-0.384530	2.993043	-0.645301	-0.086756	-0.086756	-0.078265	-0.054525	-0.054525
chr12	26117107	26121136	Pmex	7.394737	5.637392	67	1.222943	0.483133	0.359454	10.210526	-1.618458	-0.165635	-0.165635	1.306112	0.986143	0.342234
chr12	26121228	26124114	Plat	2.313846	3.144689	38	-0.920489	-0.373982	-0.373982	3.760000	-1.332830	-0.284848	-0.284848	0.317564	0.211834	0.215497
chr12	26121228	26124114	Pmex	1.173684	0.845609	38	1.161302	0.601301	0.447372	0.894737	0.682074	0.103314	0.196296	0.077616	0.071437	0.022804
chr12	26124488	26129533	Plat	1.824615	3.930861	83	-1.914244	-0.758457	-0.758457	3.240000	-1.085099	-0.242105	-0.242105	-0.290058	-0.189232	-0.189232
chr12	26124488	26129533	Pmex	3.452632	3.100566	83	0.424030	0.175983	0.130933	4.315789	-0.819973	-0.109260	-0.109260	0.611390	0.462611	0.205990
chr12	26130706	26130928	Plat	0.076923	0.262057	1	-1.280912	-1.000000	-1.000000	NA	NA	NA	NA	NA	NA	NA
chr12	26130982	26133220	Plat	1.076923	0.786172	13	0.978415	0.523496	0.375731	1.840000	-1.929339	-0.275556	-0.275556	1.780016	1.581915	0.476021
chr12	26130982	26133220	Pmex	0.100000	0.281870	13	-1.371416	-1.000000	-1.000000	NA	NA	NA	NA	NA	NA	NA
chr13	18560530	18582474	Plat	1.375385	1.834402	65	-0.804313	-0.354196	-0.354196	1.560000	-0.259022	-0.041379	-0.041379	-0.229652	-0.167891	-0.167891
chr13	18560530	18582474	Pmex	2.315789	3.100566	65	-0.945189	-0.392277	-0.392277	2.947368	-0.599980	-0.091533	-0.091533	-0.077075	-0.057174	-0.057174
chr13	18583196	18586167	Plat	0.153846	0.524115	30	-1.650527	-1.000000	-1.000000	NA	NA	NA	NA	NA	NA	NA
chr13	18583196	18586167	Pmex	1.789474	1.973087	30	-0.328480	-0.144227	-0.144227	1.421053	0.497816	0.111643	0.106061	-0.420378	-0.313200	-0.313200
chr13	18586276	18588395	Plat	1.230769	1.834402	19	-1.057716	-0.465787	-0.465787	2.400000	-1.640471	-0.262069	-0.262069	0.473360	0.346058	0.178670
chr13	18586276	18588395	Pmex	0.189474	0.281870	19	-0.696726	-0.508034	-0.508034	0.105263	0.399170	0.093567	0.177778	-0.635852	-0.770406	-0.770406
chr13	18588481	18594824	Plat	1.953846	2.882631	36	-1.110261	-0.456074	-0.456074	1.840000	0.112559	0.022090	0.020775	-0.582681	-0.394543	-0.394543
chr13	18588481	18594824	Pmex	1.905263	1.973087	36	-0.121336	-0.053275	-0.053275	1.157895	1.009855	0.118630	0.225397	-0.620775	-0.508014	-0.508014
chr13	18595018	18595106	Plat	0.147692	0.262057	1	-0.791272	-0.617741	-0.617741	0.080000	0.330583	0.073333	0.141026	-0.672565	-0.819866	-0.819866
chr13	18595273	18598772	Plat	0.076923	0.262057	4	-1.280912	-1.000000	-1.000000	1.000000	-4.507956	-1.000000	-1.000000	2.726143	3.323207	1.000000
chr13	18595273	18598772	Pmex	0.673684	0.563739	4	0.523015	0.302263	0.224886	1.052632	-1.196796	-0.210526	-0.210526	1.065102	1.066342	0.340392
chr13	18599050	18600729	Plat	0.369231	0.262057	7	0.741514	0.578895	0.415493	0.240000	0.631114	0.140000	0.269231	-0.081485	-0.099332	-0.099332
chr13	18600773	18601892	Pmex	0.478947	0.281870	5	1.486095	1.083621	0.806221	0.684211	-0.972978	-0.228070	-0.228070	1.448584	1.755123	0.560262
chr13	18602031	18606625	Plat	1.270769	1.572344	32	-0.598940	-0.271492	-0.271492	1.080000	0.299844	0.124000	0.062753	-0.470922	-0.329913	-0.329913
chr13	18602031	18606625	Pmex	4.231579	2.818696	32	1.852622	0.776866	0.577993	3.052632	1.208851	0.130994	0.248889	0.128591	0.102049	0.032576
chr13	18606676	18616445	Plat	2.809231	2.620574	63	0.244893	0.101903	0.073139	2.080000	0.777838	0.117037	0.148218	-0.329412	-0.230958	-0.230958
chr13	18606676	18616445	Pmex	3.621053	2.818696	63	1.052078	0.441171	0.328234	3.894737	-0.280626	-0.045614	-0.045614	0.591486	0.439151	0.257346
chr13	18617305	18618032	Plat	0.212308	0.262057	4	-0.344209	-0.268722	-0.268722	0.120000	0.450796	0.100000	0.192308	-0.524795	-0.639733	-0.639733
chr13	18617305	18618032	Pmex	0.394737	0.281870	4	0.851093	0.620594	0.461726	0.263158	0.623704	0.146199	0.277778	-0.067369	-0.081626	-0.081626
chr13	18618127	18619915	Plat	0.987692	1.048230	18	-0.164862	-0.081748	-0.081748	1.120000	-0.276482	-0.049143	-0.049143	0.096385	0.077320	0.036772
chr13	18618127	18619915	Pmex	1.915789	2.254957	18	-0.540915	-0.233112	-0.233112	3.263158	-1.644919	-0.187135	-0.187135	0.680283	0.549757	0.175491
chr13	18620202	18620798	Plat	0.729231	0.786172	13	-0.191615	-0.102523	-0.102523	0.440000	0.731282	0.104444	0.200855	-0.584718	-0.519644	-0.519644
chr13	18620202	18620798	Pmex	0.636842	0.845609	13	-0.738980	-0.382631	-0.382631	0.315789	0.785029	0.188854	0.217857	-0.837050	-0.715638	-0.715638
chr13	18620919	18622137	Plat	0.932308	1.048230	26	-0.315693	-0.156537	-0.156537	0.600000	0.694419	0.196364	0.166154	-0.601958	-0.462937	-0.462937
chr13	18620919	18622137	Pmex	1.105263	1.691218	26	-1.194159	-0.536973	-0.536973	1.526316	-0.637865	-0.095694	-0.095694	-0.144136	-0.115473	-0.115473
chr13	18622468	18623782	Plat	0.270769	0.262057	8	0.060276	0.047057	0.033774	0.160000	0.540955	0.120000	0.230769	-0.377025	-0.459599	-0.459599
chr13	18622468	18623782	Pmex	0.457895	0.563739	8	-0.503508	-0.290990	-0.290990	1.000000	-1.712083	-0.301170	-0.301170	0.950439	0.951545	0.303748
chr13	18625045	18626538	Plat	0.520000	1.048230	22	-1.438541	-0.713306	-0.713306	1.120000	-1.253812	-0.222857	-0.222857	0.096385	0.077320	0.036772
chr13	18625045	18626538	Pmex	0.631579	0.563739	22	0.322717	0.186506	0.138762	0.842105	-0.664887	-0.116959	-0.116959	0.606449	0.607155	0.193813
chr13	18626762	18629428	Pmex	0.536842	0.563739	11	-0.127951	-0.073946	-0.073946	0.157895	1.196796	0.473684	0.378947	-0.884174	-0.794049	-0.794049
chr13	18629456	18630290	Plat	0.347692	0.524115	5	-0.786429	-0.476472	-0.476472	0.160000	0.611949	0.221818	0.187692	-0.835099	-0.752125	-0.752125
chr13	18629456	18630290	Pmex	0.394737	0.281870	5	0.851093	0.620594	0.461726	NA	NA	NA	NA	NA	NA	NA
chr13	18630601	18631217	Plat	0.929231	0.786172	7	0.481411	0.257576	0.184871	1.080000	-0.381200	-0.085217	-0.085217	0.496303	0.416085	0.242067
chr13	18630601	18631217	Pmex	0.189474	0.281870	7	-0.696726	-0.508034	-0.508034	0.105263	0.399170	0.093567	0.177778	-0.635852	-0.770406	-0.770406
chr13	18631222	18632167	Pmex	1.184211	0.845609	3	1.198562	0.620594	0.461726	0.894737	0.707813	0.107212	0.203704	0.077616	0.071437	0.022804
chr13	18633156	18633304	Plat	0.418462	0.524115	15	-0.470965	-0.285342	-0.285342	0.240000	0.581853	0.096667	0.185897	-0.651619	-0.639733	-0.639733
chr13	18633156	18633304	Pmex	0.442105	0.281870	15	1.208282	0.881047	0.655505	0.315789	0.598756	0.140351	0.266667	0.122125	0.147968	0.047234
chr13	21754792	21759385	Plat	2.395764	3.406746	38	-1.043779	-0.422312	-0.422312	4.323478	-1.664189	-0.193019	-0.193019	0.439525	0.309729	0.120730
chr13	21754792	21759385	Pmex	6.221053	5.637392	38	0.406172	0.160461	0.119384	6.210526	0.006050	0.000752	0.001087	0.163690	0.119520	0.055308
chr13	22403009	22415541	Plat	9.384615	10.482295	163	-0.400780	-0.148227	-0.148227	8.280000	0.355696	0.042611	0.056243	-0.362505	-0.236240	-0.236240
chr13	22403009	22415541	Pmex	6.126316	5.355523	163	0.562757	0.223061	0.165959	5.947368	0.107544	0.012691	0.019540	0.177558	0.131130	0.055601
chr14	35163	134770	Plat	31.225240	25.681623	179	0.848699	0.305657	0.219288	27.893913	0.459083	0.051684	0.069290	0.151150	0.097038	0.047763
chr14	35163	134770	Pmex	26.044444	29.032570	179	-0.426109	-0.159823	-0.159823	25.712281	0.041631	0.005567	0.006575	-0.190360	-0.131059	-0.131059
chr14	135495	135799	Plat	0.640000	0.524115	6	0.516576	0.312976	0.224634	0.800000	-0.521662	-0.189091	-0.189091	0.632744	0.569876	0.579731
chr14	135495	135799	Pmex	1.042105	0.563739	6	2.275614	1.315135	0.978469	0.578947	1.462750	0.578947	0.463158	0.033133	0.029755	0.034860
chr14	135891	136122	Plat	0.323077	0.262057	3	0.422184	0.329596	0.236562	0.200000	0.601061	0.133333	0.256410	-0.229255	-0.279466	-0.279466
chr14	135891	136122	Pmex	0.663158	0.563739	3	0.472940	0.273324	0.203355	0.421053	0.764620	0.134503	0.255556	-0.310857	-0.311219	-0.311219
chr14	136231	137528	Plat	0.593846	0.786172	12	-0.647202	-0.346282	-0.346282	0.320000	0.692384	0.154783	0.185031	-0.787409	-0.660140	-0.660140
chr14	136231	137528	Pmex	1.336842	1.127478	12	0.593485	0.287794	0.214120	1.789474	-0.913522	-0.125731	-0.125731	0.823012	0.721952	0.230458
chr14	137932	138045	Pmex	0.289474	0.563739	2	-1.304697	-0.754017	-0.754017	0.105263	0.581776	0.230263	0.184211	-0.998837	-0.897024	-0.897024
chr14	138293	139234	Plat	1.729231	1.572344	9	0.311583	0.141237	0.101370	2.160000	-0.677067	-0.094915	-0.094915	0.562086	0.428213	0.171445
chr14	138293	139234	Pmex	1.978947	1.409348	9	1.349700	0.626382	0.466032	1.421053	0.963908	0.159398	0.230435	0.012010	0.009763	0.004518
chr14	139347	139482	Plat	0.695385	1.048230	7	-0.960911	-0.476472	-0.476472	2.040000	-2.809825	-0.499429	-0.499429	1.331916	1.068454	0.508139
chr14	139347	139482	Pmex	1.236842	0.845609	7	1.384864	0.717058	0.533496	1.105263	0.321733	0.048733	0.092593	0.410222	0.377561	0.120523
chr14	139547	139735	Plat	0.360000	0.524115	8	-0.731566	-0.443232	-0.443232	1.000000	-2.086646	-0.346667	-0.346667	1.091446	1.071537	0.322441
chr14	139547	139735	Pmex	0.478947	0.281870	8	1.486095	1.083621	0.806221	0.368421	0.523911	0.122807	0.233333	0.311619	0.377561	0.120523
chr14	139943	151292	Plat	8.320000	10.482295	120	-0.789487	-0.291990	-0.291990	9.480000	-0.373531	-0.044748	-0.044748	-0.164981	-0.107516	-0.107516
chr14	139943	151292	Pmex	11.194737	11.838524	120	-0.220791	-0.084282	-0.084282	9.684211	0.444422	0.044690	0.075131	-0.299318	-0.218967	-0.218967
chr14	2908379	2919171	Plat	8.187692	7.599664	48	0.291281	0.109525	0.078610	13.480000	-2.285319	-0.243110	-0.243110	1.321156	0.885638	0.358550
chr14	2908379	2919171	Pmex	7.167183	7.046740	48	0.067919	0.026620	0.019689	8.185759	-0.480883	-0.070354	-0.070354	0.262351	0.185519	0.114437
chr14	2919649	2919737	Pmex	0.268421	0.281870	2	-0.101411	-0.073946	-0.073946	0.157895	0.523911	0.122807	0.233333	-0.446358	-0.540813	-0.540813
chr14	2920332	2939810	Plat	6.415385	6.289377	43	0.074510	0.028359	0.020355	7.440000	-0.523870	-0.067614	-0.067614	0.309947	0.205125	0.107428
chr14	2920332	2939810	Pmex	5.970244	4.509914	43	1.250664	0.503770	0.373082	6.009288	-0.027192	-0.002713	-0.002713	0.530023	0.409484	0.130493
chr14	19780801	19829064	Plat	14.092308	13.364926	85	0.210316	0.077038	0.055293	7.040000	1.811184	0.260455	0.278968	-0.821511	-0.521647	-0.521647
chr14	19780801	19829064	Pmex	12.368421	12.684133	85	-0.101275	-0.038576	-0.038576	5.842105	1.800644	0.567506	0.285714	-0.888426	-0.577775	-0.577775
chr15	4736642	4749061	Plat	2.043077	3.668803	120	-1.571553	-0.627238	-0.627238	0.840000	0.976953	0.306667	0.169926	-1.266366	-0.815498	-0.815498
chr15	4736642	4749061	Pmex	6.784211	6.201131	120	0.371022	0.145729	0.108423	8.894737	-1.115915	-0.152937	-0.152937	0.701924	0.502630	0.274889
chr15	11068395	11084858	Plat	7.295385	8.385836	180	-0.492253	-0.184064	-0.184064	9.760000	-0.973623	-0.140526	-0.140526	0.280788	0.181149	0.118318
chr15	11068395	11084858	Pmex	8.421053	7.610480	180	0.424873	0.165070	0.122813	8.315789	0.046389	0.005752	0.008032	0.150784	0.108422	0.052676
chr15	11085430	11091524	Plat	3.910769	4.717033	72	-0.621393	-0.241946	-0.241946	4.280000	-0.242544	-0.031788	-0.031788	-0.154672	-0.104129	-0.104129
chr15	11085430	11091524	Pmex	1.447368	2.818696	72	-1.798134	-0.754017	-0.754017	2.526316	-1.106315	-0.179825	-0.179825	-0.160718	-0.119326	-0.119326
chr15	11091705	11092889	Plat	1.510769	1.310287	22	0.460050	0.216580	0.155447	1.040000	0.843100	0.130213	0.192938	-0.301818	-0.234973	-0.234973
chr15	11091705	11092889	Pmex	0.389474	0.845609	22	-1.614600	-0.836011	-0.836011	0.947368	-1.364148	-0.796992	-0.796992	0.160768	0.128326	0.659102
chr15	11093731	11094214	Plat	0.717391	0.524115	20	0.861559	0.540712	0.372141	0.782609	-0.212634	-0.035573	-0.035573	0.592857	0.591305	0.175145
chr15	11093731	11094214	Pmex	0.757895	1.127478	20	-1.047661	-0.508034	-0.508034	2.000000	-2.506873	-0.477733	-0.477733	1.084745	0.899893	0.465961
chr15	11094939	11095065	Pmex	0.189474	0.281870	3	-0.696726	-0.508034	-0.508034	0.947368	-3.592534	-0.842105	-0.842105	2.396056	2.903091	0.926710
chr15	11095216	11098608	Plat	1.593846	1.310287	27	0.650687	0.306328	0.219862	2.000000	-0.727381	-0.088000	-0.088000	0.770173	0.621203	0.186929
chr15	11095216	11098608	Pmex	2.126316	2.818696	27	-0.907874	-0.380701	-0.380701	2.842105	-0.733945	-0.119298	-0.119298	0.012868	0.009554	0.005599
chr15	11098771	11108531	Plat	1.803077	1.310287	32	1.130812	0.532360	0.382093	1.760000	0.077146	0.011915	0.017654	0.502175	0.390957	0.167197
chr15	11098771	11108531	Pmex	4.026316	3.664305	32	0.374999	0.153115	0.113919	5.526316	-1.243207	-0.154639	-0.154639	0.801114	0.603499	0.253829
chr15	11108717	11109078	Pmex	0.100000	0.281870	6	-1.371416	-1.000000	-1.000000	1.000000	-4.266135	-1.000000	-1.000000	2.585550	3.132684	1.000000
chr15	11109318	11109628	Pmex	0.100000	0.281870	3	-1.371416	-1.000000	-1.000000	1.000000	-4.266135	-1.000000	-1.000000	2.585550	3.132684	1.000000
chr15	11109777	11110000	Pmex	0.526316	0.281870	2	1.843284	1.344074	1.000000	0.526316	0.000000	0.000000	0.000000	0.880102	1.066342	0.340392
chr15	11110382	11111661	Plat	0.224615	0.524115	12	-1.335063	-0.808871	-0.808871	0.080000	0.471502	0.170909	0.144615	-1.018580	-0.917375	-0.917375
chr15	11110382	11111661	Pmex	0.715789	0.563739	12	0.723312	0.418020	0.311010	0.631579	0.265955	0.046784	0.088889	0.147796	0.147968	0.047234
chr15	11112228	11113929	Plat	0.076923	0.262057	14	-1.280912	-1.000000	-1.000000	NA	NA	NA	NA	NA	NA	NA
chr15	11112228	11113929	Pmex	0.857895	1.409348	14	-1.306702	-0.606427	-0.606427	1.263158	-0.700198	-0.115789	-0.115789	-0.150008	-0.121945	-0.121945
chr16	9346841	9352984	Plat	4.061538	4.979090	88	-0.673098	-0.260850	-0.260850	2.400000	1.041873	0.122727	0.179045	-0.867390	-0.588956	-0.588956
chr16	9346841	9352984	Pmex	1.310526	1.691218	88	-0.775839	-0.348868	-0.348868	1.210526	0.151493	0.029412	0.033929	-0.420159	-0.324640	-0.324640
chr16	9353096	9359225	Plat	1.913846	2.358516	43	-0.631606	-0.266875	-0.266875	1.360000	0.641639	0.128571	0.123626	-0.669010	-0.462594	-0.462594
chr16	9353096	9359225	Pmex	1.247368	1.409348	43	-0.383820	-0.178127	-0.178127	0.684211	0.973002	0.225263	0.227660	-0.744076	-0.579436	-0.579436
chr16	9359358	9365772	Plat	0.366154	0.786172	33	-1.413417	-0.756241	-0.756241	0.120000	0.622368	0.320000	0.161943	-1.125229	-0.892786	-0.892786
chr16	9359358	9365772	Pmex	1.773684	1.691218	33	0.168065	0.075573	0.056227	1.105263	1.012611	0.123782	0.235185	-0.512166	-0.426016	-0.426016
chr16	9365869	9371153	Plat	2.080000	2.620574	35	-0.701711	-0.291990	-0.291990	2.440000	-0.383996	-0.085091	-0.085091	-0.110037	-0.074600	-0.074600
chr16	9365869	9371153	Pmex	0.826316	1.127478	35	-0.853708	-0.413982	-0.413982	1.157895	-0.669208	-0.127530	-0.127530	0.037814	0.031370	0.016243
chr16	9371312	9374943	Plat	1.744615	1.572344	27	0.342137	0.155087	0.111311	1.760000	-0.024181	-0.003390	-0.003390	0.179491	0.136741	0.054748
chr16	9371312	9374943	Pmex	0.605263	0.563739	27	0.197532	0.114159	0.084935	0.421053	0.581776	0.230263	0.184211	-0.310857	-0.279171	-0.279171
chr16	9375465	9382010	Plat	0.963077	0.524115	30	1.956739	1.185524	0.850891	0.760000	0.662109	0.110000	0.211538	0.541004	0.531136	0.159826
chr16	9375465	9382010	Pmex	0.736842	1.127478	30	-1.107340	-0.536973	-0.536973	1.052632	-0.637341	-0.197368	-0.197368	-0.093052	-0.073220	-0.073220
chr16	11459846	11461216	Plat	1.261538	1.310287	11	-0.111864	-0.052663	-0.052663	0.960000	0.540025	0.115294	0.121588	-0.391150	-0.294288	-0.294288
chr16	11459846	11461216	Pmex	0.336842	0.281870	11	0.414529	0.302263	0.224886	0.210526	0.598756	0.140351	0.266667	-0.256864	-0.311219	-0.311219
chr17	10966408	10971730	Plat	0.723077	1.048230	37	-0.885496	-0.439077	-0.439077	0.640000	0.173605	0.120000	0.040724	-0.548239	-0.404897	-0.404897
chr17	10966408	10971730	Pmex	0.773684	0.845609	37	-0.254594	-0.131825	-0.131825	0.473684	0.733551	0.111111	0.211111	-0.587596	-0.540813	-0.540813
chr17	10971861	11058706	Plat	28.052843	35.115689	724	-0.794877	-0.284774	-0.284774	32.622609	-0.464862	-0.063747	-0.063747	-0.124969	-0.078319	-0.078319
chr17	10971861	11058706	Pmex	28.310526	31.287527	724	-0.394316	-0.147467	-0.147467	34.631579	-0.736810	-0.097397	-0.097397	0.178011	0.122549	0.074790
chr17	11058891	11063413	Plat	1.375385	2.358516	24	-1.396433	-0.590041	-0.590041	2.680000	-1.511417	-0.157037	-0.157037	0.215395	0.160861	0.048405
chr17	11064546	11099488	Plat	12.581538	15.461385	319	-0.723259	-0.263652	-0.263652	13.120000	-0.120554	-0.016092	-0.016092	-0.263668	-0.167945	-0.167945
chr17	11064546	11099488	Pmex	14.747368	16.066568	319	-0.336238	-0.127255	-0.127255	17.052632	-0.509324	-0.073651	-0.073651	0.101481	0.069838	0.047105
chr17	12263915	12320304	Plat	20.023701	22.012820	510	-0.354153	-0.128150	-0.128150	16.813913	0.513134	0.061128	0.077673	-0.413593	-0.264584	-0.264584
chr17	12263915	12320304	Pmex	15.684211	16.630307	510	-0.233159	-0.088171	-0.088171	16.315789	-0.135058	-0.017994	-0.017994	-0.031287	-0.021732	-0.021732
chr17	12321266	12322091	Plat	0.076923	0.262057	4	-1.280912	-1.000000	-1.000000	1.000000	-4.507956	-1.000000	-1.000000	2.726143	3.323207	1.000000
chr18	21430722	21430935	Plat	0.270769	0.262057	5	0.060276	0.047057	0.033774	0.160000	0.540955	0.120000	0.230769	-0.377025	-0.459599	-0.459599
chr18	21430722	21430935	Pmex	0.526316	0.281870	5	1.843284	1.344074	1.000000	0.526316	0.000000	0.000000	0.000000	0.880102	1.066342	0.340392
chr18	21431141	21431364	Plat	0.507692	0.262057	3	1.699505	1.326793	0.952285	0.600000	-0.450796	-0.100000	-0.100000	1.248444	1.521871	0.457952
chr18	21431741	21431834	Plat	0.224615	0.524115	6	-1.335063	-0.808871	-0.808871	0.960000	-2.397637	-0.869091	-0.869091	0.999705	0.900376	0.915946
chr18	21431926	21432782	Plat	0.815385	0.524115	10	1.298378	0.786645	0.564602	0.840000	-0.080256	-0.013333	-0.013333	0.724485	0.711269	0.214031
chr18	21432899	21433136	Pmex	0.336842	0.281870	6	0.414529	0.302263	0.224886	0.210526	0.598756	0.140351	0.266667	-0.256864	-0.311219	-0.311219
chr18	21433288	21438267	Plat	0.323077	0.262057	39	0.422184	0.329596	0.236562	0.840000	-2.524456	-0.560000	-0.560000	2.135063	2.602672	0.783181
chr18	21433288	21438267	Pmex	1.842105	1.973087	39	-0.234324	-0.102885	-0.102885	2.052632	-0.284466	-0.039722	-0.039722	0.060574	0.047996	0.019753
chr18	21439528	21440813	Plat	0.153846	0.524115	13	-1.650527	-1.000000	-1.000000	NA	NA	NA	NA	NA	NA	NA
chr18	21439528	21440813	Pmex	0.289474	0.563739	13	-1.304697	-0.754017	-0.754017	0.947368	-2.077771	-0.822368	-0.822368	0.835776	0.750584	0.879358
chr18	21441358	21442030	Plat	0.560000	0.786172	7	-0.761099	-0.407222	-0.407222	0.280000	0.707943	0.158261	0.189189	-0.854973	-0.716783	-0.716783
chr18	21441358	21442030	Pmex	0.710526	0.563739	7	0.698275	0.403550	0.300244	0.157895	1.745327	0.690789	0.552632	-0.884174	-0.794049	-0.794049
chr18	21442119	21445332	Plat	0.781538	1.048230	39	-0.726286	-0.360132	-0.360132	0.440000	0.713708	0.126857	0.174254	-0.816833	-0.655258	-0.655258
chr18	21442119	21445332	Pmex	3.110526	3.100566	39	0.011997	0.004979	0.003704	4.631579	-1.444953	-0.170905	-0.170905	0.770267	0.594741	0.221904
chr18	21445511	21450019	Plat	2.778462	3.668803	64	-0.860673	-0.343512	-0.343512	3.520000	-0.602163	-0.074729	-0.074729	-0.066615	-0.046086	-0.046086
chr18	21445511	21450019	Pmex	1.642105	1.691218	64	-0.100090	-0.045007	-0.045007	2.578947	-1.419250	-0.212919	-0.212919	0.775939	0.621633	0.268295
chr18	21450180	21452020	Plat	0.076923	0.262057	8	-1.280912	-1.000000	-1.000000	NA	NA	NA	NA	NA	NA	NA
chr18	21450180	21452020	Pmex	0.457895	0.563739	8	-0.503508	-0.290990	-0.290990	1.105263	-2.044526	-0.359649	-0.359649	1.179766	1.181139	0.377037
chr18	21452226	21455170	Plat	1.027692	0.786172	39	0.812747	0.434856	0.312111	0.760000	0.676825	0.151304	0.180873	-0.044207	-0.037062	-0.037062
chr18	21452226	21455170	Pmex	1.047368	1.973087	39	-1.656089	-0.727145	-0.727145	2.368421	-1.785026	-0.307222	-0.307222	0.301049	0.231199	0.130606
chr18	21455940	21460947	Plat	1.670769	1.572344	47	0.195476	0.088607	0.063596	1.560000	0.174103	0.031304	0.037422	-0.011807	-0.008740	-0.008740
chr18	21455940	21460947	Pmex	2.136842	2.254957	47	-0.188373	-0.081181	-0.081181	2.421053	-0.346975	-0.045840	-0.045840	0.112073	0.088043	0.035004
chr19	1364800	1378144	Plat	2.775385	2.358516	80	0.592116	0.250190	0.179570	2.720000	0.064164	0.008780	0.012587	0.242195	0.173914	0.077881
chr19	1364800	1378144	Pmex	1.189474	1.409348	80	-0.521005	-0.241793	-0.241793	1.526316	-0.581982	-0.096241	-0.096241	0.120023	0.097569	0.045150
chr19	6131837	6138038	Plat	1.898462	3.144689	46	-1.380693	-0.560956	-0.560956	5.360000	-3.190285	-0.569620	-0.569620	1.143329	0.773317	0.574613
chr19	6131837	6138038	Pmex	1.747368	1.691218	46	0.114434	0.051457	0.038284	0.842105	1.371410	0.646617	0.296552	-0.742185	-0.535395	-0.535395
chr19	6138438	6138841	Plat	0.153846	0.524115	6	-1.650527	-1.000000	-1.000000	NA	NA	NA	NA	NA	NA	NA
chr19	6138438	6138841	Pmex	0.505263	0.281870	6	1.684534	1.228317	0.913876	NA	NA	NA	NA	NA	NA	NA
chr19	6140004	6140076	Plat	0.076923	0.262057	2	-1.280912	-1.000000	-1.000000	1.000000	-4.507956	-1.000000	-1.000000	2.726143	3.323207	1.000000
chr19	6140004	6140076	Pmex	0.336842	0.281870	2	0.414529	0.302263	0.224886	NA	NA	NA	NA	NA	NA	NA
chr19	6140415	6140587	Pmex	0.209150	0.281870	1	-0.548351	-0.425860	-0.425860	0.941176	-3.469913	-0.823529	-0.823529	2.373762	2.955922	0.918088
chr19	6140771	6141774	Plat	0.224615	0.524115	11	-1.335063	-0.808871	-0.808871	1.080000	-2.788883	-0.463333	-0.463333	1.274926	1.251670	0.376645
chr19	6140771	6141774	Pmex	0.673684	0.563739	11	0.523015	0.302263	0.224886	1.052632	-1.196796	-0.210526	-0.210526	1.065102	1.066342	0.340392
chr19	13999611	14000861	Plat	0.212308	0.262057	5	-0.344209	-0.268722	-0.268722	0.120000	0.450796	0.100000	0.192308	-0.524795	-0.639733	-0.639733
chr19	26281828	26286752	Plat	1.246154	0.786172	25	1.547899	0.828195	0.594424	0.920000	0.824637	0.117778	0.226496	0.226048	0.200891	0.060451
chr19	26281828	26286752	Pmex	0.915789	0.563739	25	1.674723	0.967864	0.720098	0.842105	0.232710	0.040936	0.077778	0.606449	0.607155	0.193813
chr19	26288036	26292137	Plat	0.369231	0.262057	9	0.741514	0.578895	0.415493	0.240000	0.631114	0.140000	0.269231	-0.081485	-0.099332	-0.099332
chr19	26292430	26292990	Pmex	0.200000	0.563739	3	-1.730328	-1.000000	-1.000000	1.000000	-2.526569	-1.000000	-1.000000	0.950439	0.853559	1.000000
chr1	21167953	21168795	Plat	0.147692	0.262057	5	-0.791272	-0.617741	-0.617741	0.080000	0.330583	0.073333	0.141026	-0.672565	-0.819866	-0.819866
chr1	21168926	21170501	Plat	1.172308	1.048230	15	0.337905	0.167552	0.120258	1.160000	0.025719	0.003333	0.006410	0.150104	0.125835	0.037866
chr1	21168926	21170501	Pmex	1.094737	1.409348	15	-0.745490	-0.345974	-0.345974	2.315789	-2.109686	-0.271345	-0.271345	0.930115	0.790830	0.252445
chr1	21170873	21172105	Plat	0.076923	0.262057	15	-1.280912	-1.000000	-1.000000	NA	NA	NA	NA	NA	NA	NA
chr1	21170873	21172105	Pmex	0.726316	1.127478	15	-1.137179	-0.551443	-0.551443	1.315789	-1.189703	-0.226721	-0.226721	0.234114	0.194218	0.100565
chr20	14032103	14036177	Plat	0.301538	0.786172	12	-1.630857	-0.872580	-0.872580	0.080000	0.560131	0.288000	0.145749	-1.192792	-0.946393	-0.946393
chr20	14032103	14036177	Pmex	1.105263	1.409348	12	-0.720547	-0.334399	-0.334399	1.263158	-0.272804	-0.045113	-0.045113	-0.150008	-0.121945	-0.121945
chr20	14036283	14038297	Pmex	0.100000	0.281870	3	-1.371416	-1.000000	-1.000000	NA	NA	NA	NA	NA	NA	NA
chr20	20359585	20368726	Plat	3.753846	4.454975	97	-0.569185	-0.222773	-0.222773	3.840000	-0.059425	-0.008889	-0.008889	-0.229669	-0.153170	-0.153170
chr20	20359585	20368726	Pmex	2.557895	2.818696	97	-0.341972	-0.143400	-0.143400	3.052632	-0.507286	-0.070677	-0.070677	0.128591	0.097569	0.045150
chr20	30664939	30667046	Plat	0.301538	0.786172	38	-1.630857	-0.872580	-0.872580	0.960000	-1.664833	-0.856000	-0.856000	0.293612	0.232959	0.812934
chr20	30664939	30667046	Pmex	1.005263	0.845609	38	0.565135	0.292617	0.217709	0.684211	0.785029	0.118908	0.225926	-0.254990	-0.234688	-0.234688
chr21	595697	601393	Plat	4.569231	3.668803	44	0.870423	0.347403	0.249343	8.600000	-3.273168	-0.311905	-0.311905	2.207541	1.586204	0.477311
chr21	595697	601393	Pmex	1.273684	1.691218	44	-0.850922	-0.382631	-0.382631	2.052632	-1.180050	-0.229102	-0.229102	0.315902	0.244085	0.156539
chr21	602180	610495	Plat	5.929231	5.503205	57	0.285076	0.109580	0.078649	8.360000	-1.397486	-0.158000	-0.158000	0.873900	0.592302	0.248486
chr21	602180	610495	Pmex	0.936842	1.409348	57	-1.119631	-0.519610	-0.519610	0.473684	0.800226	0.132331	0.191304	-0.960101	-0.780486	-0.780486
chr21	610993	612184	Plat	1.135385	1.048230	8	0.237352	0.117692	0.084471	2.040000	-1.890363	-0.245000	-0.245000	1.331916	1.116570	0.335992
chr21	610993	612184	Pmex	0.200000	0.563739	8	-1.730328	-1.000000	-1.000000	NA	NA	NA	NA	NA	NA	NA
chr21	12512081	12513918	Plat	0.476923	0.786172	7	-1.040664	-0.556801	-0.556801	NA	NA	NA	NA	NA	NA	NA
chr21	12514053	12519303	Plat	2.089231	3.668803	25	-1.526937	-0.609431	-0.609431	2.520000	-0.349804	-0.087500	-0.087500	-0.514283	-0.335045	-0.335045
chr21	12514053	12519303	Pmex	0.436842	0.563739	25	-0.603657	-0.348868	-0.348868	0.210526	0.714753	0.282895	0.226316	-0.769511	-0.691073	-0.691073
chr21	12519595	12528582	Plat	5.449231	10.220238	90	-1.784607	-0.660783	-0.660783	17.320000	-3.912855	-0.593538	-0.593538	1.197753	0.763396	0.555547
chr21	12519595	12528582	Pmex	4.410526	5.637392	90	-0.853781	-0.337293	-0.337293	3.894737	0.296465	0.042982	0.052688	-0.497712	-0.355604	-0.355604
chr21	12528708	12536149	Plat	2.770769	6.551434	59	-2.152137	-0.820941	-0.820941	12.680000	-4.886406	-0.759104	-0.759104	1.587689	1.031953	0.725397
chr21	12528708	12536149	Pmex	4.105263	3.946175	59	0.154032	0.062481	0.046487	4.421053	-0.246104	-0.036720	-0.036720	0.190522	0.138859	0.078443
chr21	12536645	12540299	Plat	3.353846	4.717033	45	-1.050617	-0.409068	-0.409068	8.480000	-3.367316	-0.482899	-0.482899	1.331768	0.888114	0.516681
chr21	12536645	12540299	Pmex	0.578947	0.563739	45	0.072346	0.041811	0.031107	0.368421	0.664887	0.263158	0.210526	-0.425521	-0.382147	-0.382147
chr21	12540395	12546784	Plat	3.695385	8.385836	81	-2.117370	-0.791731	-0.791731	14.200000	-4.149749	-0.598947	-0.598947	1.188029	0.766450	0.500610
chr21	12540395	12546784	Pmex	1.163158	1.409348	81	-0.583362	-0.270733	-0.270733	1.526316	-0.627450	-0.145263	-0.145263	0.120023	0.093466	0.073534
chr21	12546822	12547626	Plat	0.289231	0.524115	7	-1.047030	-0.634361	-0.634361	0.120000	0.551757	0.200000	0.169231	-0.926840	-0.834750	-0.834750
chr21	12546822	12547626	Pmex	0.100000	0.281870	7	-1.371416	-1.000000	-1.000000	NA	NA	NA	NA	NA	NA	NA
chr21	12547633	12565419	Plat	10.658462	22.536935	174	-2.066786	-0.746063	-0.746063	28.760000	-2.829114	-0.497505	-0.497505	0.483710	0.298942	0.304112
chr21	12547633	12565419	Pmex	7.957895	6.483001	174	0.899974	0.352592	0.262331	8.842105	-0.449532	-0.047284	-0.047284	0.588965	0.438680	0.162506
chr21	15243296	15244165	Plat	0.230769	0.786172	6	-1.869004	-1.000000	-1.000000	1.000000	-1.944899	-1.000000	-1.000000	0.361176	0.286566	1.000000
chr21	15244195	15248501	Plat	2.307935	4.454975	36	-1.742991	-0.692341	-0.692341	1.865263	0.305334	0.095277	0.051473	-0.967153	-0.616254	-0.616254
chr21	15244195	15248501	Pmex	3.315789	2.818696	36	0.651807	0.273324	0.203355	3.578947	-0.269833	-0.029240	-0.029240	0.417901	0.331643	0.105865
chr21	15248630	15250465	Plat	1.528651	2.096459	20	-0.890683	-0.385042	-0.385042	0.766957	0.966241	0.225473	0.190506	-0.989337	-0.687799	-0.687799
chr21	15248630	15250465	Pmex	1.210526	1.127478	20	0.235416	0.114159	0.084935	1.894737	-1.380905	-0.190058	-0.190058	0.953878	0.836749	0.267103
chr21	15250630	15250826	Plat	0.366154	0.786172	6	-1.413417	-0.756241	-0.756241	0.120000	0.622368	0.320000	0.161943	-1.125229	-0.892786	-0.892786
chr21	15250920	15251514	Plat	0.520000	1.310287	8	-1.813482	-0.853744	-0.853744	1.120000	-1.074540	-0.371429	-0.371429	-0.212485	-0.154669	-0.154669
chr21	15250920	15251514	Pmex	0.673684	0.563739	8	0.523015	0.302263	0.224886	0.421053	0.797864	0.140351	0.266667	-0.310857	-0.311219	-0.311219
chr21	15251620	15252130	Plat	0.147692	0.262057	3	-0.791272	-0.617741	-0.617741	0.080000	0.330583	0.073333	0.141026	-0.672565	-0.819866	-0.819866
chr21	15252770	15253172	Plat	0.153846	0.524115	4	-1.650527	-1.000000	-1.000000	2.000000	-6.019171	-1.000000	-1.000000	3.384952	3.323207	1.000000
chr21	15253324	15254639	Plat	1.818462	2.096459	17	-0.436076	-0.187700	-0.187700	2.120000	-0.382514	-0.056000	-0.056000	0.017518	0.012681	0.006031
chr21	15253324	15254639	Pmex	0.189474	0.281870	17	-0.696726	-0.508034	-0.508034	0.947368	-3.592534	-0.842105	-0.842105	2.396056	2.903091	0.926710
chr21	15254688	15254957	Plat	0.153846	0.524115	6	-1.650527	-1.000000	-1.000000	2.000000	-6.019171	-1.000000	-1.000000	3.384952	3.323207	1.000000
chr21	15255143	15256352	Plat	0.076923	0.262057	7	-1.280912	-1.000000	-1.000000	NA	NA	NA	NA	NA	NA	NA
chr21	15255143	15256352	Pmex	0.505263	0.281870	7	1.684534	1.228317	0.913876	0.631579	-0.598756	-0.140351	-0.140351	1.259090	1.525529	0.486972
chr21	21981473	21988797	Plat	2.138462	1.834402	65	0.532789	0.234625	0.168398	1.720000	0.587116	0.076620	0.123077	-0.095745	-0.071752	-0.071752
chr21	21981473	21988797	Pmex	0.815789	1.127478	65	-0.883547	-0.428451	-0.428451	2.263158	-2.921145	-0.402047	-0.402047	1.411910	1.238537	0.395360
chr21	21989049	21991062	Plat	0.230769	0.786172	14	-1.869004	-1.000000	-1.000000	1.000000	-1.944899	-1.000000	-1.000000	0.361176	0.286566	1.000000
chr21	21989049	21991062	Pmex	0.663158	0.563739	14	0.472940	0.273324	0.203355	0.421053	0.764620	0.134503	0.255556	-0.310857	-0.311219	-0.311219
chr22	2994577	2996499	Plat	0.978462	0.786172	22	0.647079	0.346216	0.248491	0.680000	0.754621	0.168696	0.201663	-0.179335	-0.150349	-0.150349
chr22	2994577	2996499	Pmex	0.289474	0.563739	22	-1.304697	-0.754017	-0.754017	1.105263	-2.576435	-0.453216	-0.453216	1.179766	1.181139	0.377037
chr22	2996599	2998276	Plat	0.563077	0.786172	15	-0.750745	-0.401682	-0.401682	0.760000	-0.497894	-0.256000	-0.256000	-0.044207	-0.035075	-0.035075
chr22	2998654	3000369	Plat	0.938462	0.786172	22	0.512474	0.274196	0.196800	0.760000	0.451216	0.064444	0.123932	-0.044207	-0.039287	-0.039287
chr22	2998654	3000369	Pmex	0.478947	0.281870	22	1.486095	1.083621	0.806221	0.684211	-0.972978	-0.228070	-0.228070	1.448584	1.755123	0.560262
chr22	3000546	3000767	Pmex	0.336842	0.281870	1	0.414529	0.302263	0.224886	0.210526	0.598756	0.140351	0.266667	-0.256864	-0.311219	-0.311219
chr22	3000841	3003185	Plat	1.024615	0.786172	27	0.802393	0.429316	0.308135	0.760000	0.669045	0.095556	0.183761	-0.044207	-0.039287	-0.039287
chr22	3000841	3003185	Pmex	0.200000	0.563739	27	-1.730328	-1.000000	-1.000000	NA	NA	NA	NA	NA	NA	NA
chr22	3003278	3006370	Plat	0.655385	1.572344	46	-1.821118	-0.825491	-0.825491	0.160000	0.778627	0.920000	0.160839	-1.350891	-0.921689	-0.921689
chr22	3003278	3006370	Pmex	4.294737	4.228044	46	0.060616	0.024447	0.018189	5.947368	-1.215552	-0.157393	-0.157393	0.646189	0.478059	0.221222
chr22	3006477	3007576	Plat	0.446154	0.524115	37	-0.347522	-0.210552	-0.210552	0.240000	0.672141	0.243636	0.206154	-0.651619	-0.586875	-0.586875
chr22	3006477	3007576	Pmex	1.115789	0.845609	37	0.956369	0.495191	0.368426	1.368421	-0.617728	-0.093567	-0.093567	0.825980	0.760217	0.242673
chr22	3007730	3009951	Plat	0.449231	1.048230	33	-1.631268	-0.808871	-0.808871	1.160000	-1.485285	-0.264000	-0.264000	0.150104	0.120413	0.057266
chr22	3007730	3009951	Pmex	1.468421	1.409348	33	0.139977	0.064962	0.048332	1.736842	-0.463767	-0.107368	-0.107368	0.336047	0.261691	0.205887
chr22	3010110	3012981	Plat	0.224615	0.524115	17	-1.335063	-0.808871	-0.808871	0.080000	0.471502	0.170909	0.144615	-1.018580	-0.917375	-0.917375
chr22	3010110	3012981	Pmex	0.336842	0.281870	17	0.414529	0.302263	0.224886	0.842105	-2.395023	-0.561404	-0.561404	2.017067	2.443904	0.780131
chr22	3013129	3017178	Plat	1.775385	2.882631	53	-1.323592	-0.543707	-0.543707	0.880000	0.885264	0.283902	0.161040	-1.119183	-0.735550	-0.735550
chr22	3013129	3017178	Pmex	2.552632	2.254957	53	0.474741	0.204593	0.152219	2.210526	0.417655	0.055178	0.089041	-0.029980	-0.023551	-0.023551
chr22	3017255	3021061	Plat	1.843077	1.310287	36	1.222601	0.575571	0.413107	2.280000	-0.782485	-0.094667	-0.094667	1.082837	0.873390	0.262815
chr22	3017255	3021061	Pmex	0.436842	0.563739	36	-0.603657	-0.348868	-0.348868	0.210526	0.714753	0.282895	0.226316	-0.769511	-0.691073	-0.691073
chr22	3021904	3022897	Plat	0.147692	0.262057	11	-0.791272	-0.617741	-0.617741	0.080000	0.330583	0.073333	0.141026	-0.672565	-0.819866	-0.819866
chr22	3021904	3022897	Pmex	0.100000	0.281870	11	-1.371416	-1.000000	-1.000000	NA	NA	NA	NA	NA	NA	NA
chr22	3023083	3025063	Pmex	0.189474	0.281870	14	-0.696726	-0.508034	-0.508034	0.105263	0.399170	0.093567	0.177778	-0.635852	-0.770406	-0.770406
chr22	3025206	3034999	Plat	3.870769	3.144689	77	0.804423	0.326826	0.234574	2.760000	1.023727	0.137524	0.188906	-0.198539	-0.138144	-0.138144
chr22	3025206	3034999	Pmex	0.705263	0.845609	77	-0.496787	-0.257228	-0.257228	0.368421	0.823637	0.198142	0.228571	-0.753899	-0.644547	-0.644547
chr22	9184735	9186170	Plat	1.412308	1.310287	16	0.234109	0.110213	0.079103	0.960000	0.810038	0.125106	0.185372	-0.391150	-0.304521	-0.304521
chr22	9184735	9186170	Pmex	0.100000	0.281870	16	-1.371416	-1.000000	-1.000000	NA	NA	NA	NA	NA	NA	NA
chr22	9186370	9233716	Plat	20.212308	22.012820	430	-0.320573	-0.115779	-0.115779	21.160000	-0.151503	-0.016762	-0.016762	-0.067845	-0.043750	-0.043750
chr22	9186370	9233716	Pmex	22.478947	21.703960	430	0.147151	0.055341	0.041174	29.894737	-1.230281	-0.150422	-0.150422	0.626413	0.437917	0.232059
chr22	9234348	9237570	Plat	1.196923	2.358516	28	-1.649918	-0.697148	-0.697148	3.480000	-2.644979	-0.361951	-0.361951	0.751398	0.539560	0.241622
chr22	9234348	9237570	Pmex	1.452632	1.409348	28	0.102563	0.047598	0.035414	1.789474	-0.581982	-0.074854	-0.074854	0.390053	0.331643	0.105865
chr23	4382281	4393503	Plat	5.713846	6.813492	113	-0.603460	-0.228451	-0.228451	7.600000	-0.898196	-0.125744	-0.125744	0.196245	0.128232	0.077211
chr23	4382281	4393503	Pmex	6.278947	5.637392	113	0.446461	0.176378	0.131226	7.210526	-0.535452	-0.054799	-0.054799	0.449296	0.339228	0.117727
chr23	13383743	13383966	Pmex	0.394737	0.281870	2	0.851093	0.620594	0.461726	0.263158	0.623704	0.146199	0.277778	-0.067369	-0.081626	-0.081626
chr23	13384399	13384658	Plat	0.409231	0.262057	9	1.018267	0.794955	0.570566	0.280000	0.631114	0.140000	0.269231	0.066284	0.080802	0.024314
chr23	13384399	13384658	Pmex	0.731579	0.563739	9	0.798423	0.461429	0.343306	0.473684	0.814486	0.143275	0.272222	-0.196194	-0.196422	-0.196422
chr23	13384714	13384830	Pmex	0.394737	0.281870	4	0.851093	0.620594	0.461726	0.263158	0.623704	0.146199	0.277778	-0.067369	-0.081626	-0.081626
chr23	13384911	13386473	Plat	0.935385	0.786172	16	0.502120	0.268656	0.192824	0.800000	0.342302	0.048889	0.094017	0.023357	0.020757	0.006246
chr23	13384911	13386473	Pmex	0.668421	0.563739	16	0.497977	0.287794	0.214120	0.473684	0.615020	0.108187	0.205556	-0.196194	-0.196422	-0.196422
chr23	13386803	13387038	Pmex	0.442105	0.281870	4	1.208282	0.881047	0.655505	0.736842	-1.397097	-0.327485	-0.327485	1.638079	1.984716	0.633551
chr23	13387159	13387440	Pmex	0.442105	0.281870	3	1.208282	0.881047	0.655505	0.315789	0.598756	0.140351	0.266667	0.122125	0.147968	0.047234
chr23	13387599	13390261	Plat	1.227692	2.358516	40	-1.606214	-0.678681	-0.678681	1.360000	-0.153280	-0.040000	-0.040000	-0.669010	-0.454177	-0.454177
chr23	13387599	13390261	Pmex	1.131579	0.845609	40	1.012260	0.524130	0.389956	0.894737	0.579120	0.087719	0.166667	0.077616	0.071437	0.022804
chr23	13390633	13392128	Plat	0.384615	1.310287	13	-2.124151	-1.000000	-1.000000	3.000000	-4.683892	-1.000000	-1.000000	1.886830	1.419585	1.000000
chr23	13390633	13392128	Pmex	0.663158	0.563739	13	0.472940	0.273324	0.203355	0.263158	1.263284	0.500000	0.400000	-0.654847	-0.588098	-0.588098
chr23	17207384	17216827	Plat	5.550769	6.551434	114	-0.569627	-0.216203	-0.216203	5.920000	-0.182074	-0.024490	-0.024490	-0.163582	-0.107543	-0.107543
chr23	17207384	17216827	Pmex	5.657895	5.637392	114	0.014268	0.005637	0.004194	7.315789	-0.952924	-0.118421	-0.118421	0.479359	0.350010	0.161967
chr23	17216941	17219283	Plat	1.224615	2.096459	20	-1.367604	-0.588656	-0.588656	0.520000	0.893834	0.295484	0.174410	-1.173107	-0.797618	-0.797618
chr23	17216941	17219283	Pmex	1.505263	1.127478	20	1.070909	0.519307	0.386368	1.526316	-0.042489	-0.008097	-0.008097	0.495846	0.411349	0.212995
chr23	17219358	17221334	Plat	0.520000	1.048230	8	-1.438541	-0.713306	-0.713306	0.240000	0.585112	0.104000	0.142857	-1.085426	-0.870722	-0.870722
chr23	17219358	17221334	Pmex	0.521053	0.281870	8	1.803597	1.315135	0.978469	0.578947	-0.274430	-0.064327	-0.064327	1.069596	1.295936	0.413682
chr23	17221948	17223037	Pmex	0.189474	0.281870	2	-0.696726	-0.508034	-0.508034	0.105263	0.399170	0.093567	0.177778	-0.635852	-0.770406	-0.770406
chr23	17223213	17233482	Plat	0.584615	0.524115	9	0.269690	0.163397	0.117275	0.440000	0.471502	0.170909	0.144615	-0.192918	-0.173750	-0.173750
chr23	17223213	17233482	Pmex	0.786722	1.127478	9	-0.965945	-0.483167	-0.483167	1.953560	-2.354967	-0.452653	-0.452653	1.027010	0.863019	0.441160
chr23	23946680	23951827	Plat	0.455385	1.310287	30	-1.961756	-0.923548	-0.923548	3.080000	-4.700423	-0.725957	-0.725957	1.976163	1.538497	0.657956
chr23	23946680	23951827	Pmex	1.057895	0.845609	30	0.751437	0.389081	0.289479	1.421053	-0.887983	-0.134503	-0.134503	0.909131	0.836749	0.267103
chr23	23952221	23958778	Plat	1.852308	2.620574	46	-0.997276	-0.414978	-0.414978	1.200000	0.695787	0.124706	0.131514	-0.865663	-0.596736	-0.596736
chr23	23952221	23958778	Pmex	1.478947	1.691218	46	-0.432601	-0.194526	-0.194526	1.736842	-0.390692	-0.075851	-0.075851	0.039879	0.030813	0.019761
chr2	5555667	5555748	Plat	0.147692	0.262057	3	-0.791272	-0.617741	-0.617741	0.960000	-3.967002	-0.880000	-0.880000	2.578373	3.143073	0.945795
chr2	5556228	5556985	Plat	0.153846	0.524115	4	-1.650527	-1.000000	-1.000000	2.000000	-6.019171	-1.000000	-1.000000	3.384952	3.323207	1.000000
chr2	5558015	5558618	Plat	0.704615	0.524115	9	0.804608	0.487486	0.349885	0.520000	0.601917	0.100000	0.192308	-0.009437	-0.009265	-0.009265
chr2	5558015	5558618	Pmex	0.394737	0.281870	9	0.851093	0.620594	0.461726	0.263158	0.623704	0.146199	0.277778	-0.067369	-0.081626	-0.081626
chr2	5558724	5559546	Pmex	0.100000	0.281870	3	-1.371416	-1.000000	-1.000000	NA	NA	NA	NA	NA	NA	NA
chr2	5560397	5562049	Plat	0.547692	0.524115	3	0.105100	0.063677	0.045703	0.360000	0.611949	0.221818	0.187692	-0.376398	-0.339000	-0.339000
chr2	5562383	5562920	Plat	0.618462	0.786172	11	-0.564368	-0.301962	-0.301962	0.320000	0.754621	0.168696	0.201663	-0.787409	-0.660140	-0.660140
chr2	5563076	5563810	Plat	0.076923	0.262057	7	-1.280912	-1.000000	-1.000000	NA	NA	NA	NA	NA	NA	NA
chr2	5563076	5563810	Pmex	0.847368	0.845609	7	0.006228	0.003225	0.002399	0.526316	0.785029	0.188854	0.217857	-0.504444	-0.431276	-0.431276
chr2	5564363	5564484	Pmex	0.100000	0.281870	3	-1.371416	-1.000000	-1.000000	NA	NA	NA	NA	NA	NA	NA
chr2	5566094	5566237	Plat	0.409231	0.262057	2	1.018267	0.794955	0.570566	0.280000	0.631114	0.140000	0.269231	0.066284	0.080802	0.024314
chr2	5567808	5570533	Plat	0.649231	1.310287	20	-1.516935	-0.714137	-0.714137	0.240000	0.732891	0.253333	0.162393	-1.195143	-0.869949	-0.869949
chr2	5567808	5570533	Pmex	1.767802	1.691218	20	0.156076	0.070904	0.052106	2.777090	-1.529000	-0.187291	-0.187291	0.949130	0.793049	0.252014
chr2	6328287	6331844	Plat	0.526154	1.310287	30	-1.799361	-0.847096	-0.847096	0.160000	0.655745	0.226667	0.145299	-1.284476	-0.934975	-0.934975
chr2	6328287	6331844	Pmex	1.589474	1.691218	30	-0.207351	-0.093239	-0.093239	1.947368	-0.542185	-0.081340	-0.081340	0.223894	0.179370	0.077415
chr2	6463019	6463685	Plat	0.378462	1.048230	6	-1.823996	-0.904435	-0.904435	1.080000	-1.465996	-0.414545	-0.414545	0.042667	0.032813	0.033380
chr2	6464112	6464813	Pmex	0.336842	0.281870	3	0.414529	0.302263	0.224886	0.210526	0.598756	0.140351	0.266667	-0.256864	-0.311219	-0.311219
chr2	6465876	6466852	Plat	0.418462	0.524115	18	-0.470965	-0.285342	-0.285342	0.960000	-1.765624	-0.293333	-0.293333	0.999705	0.981470	0.295338
chr2	6465876	6466852	Pmex	0.526316	0.281870	18	1.843284	1.344074	1.000000	0.526316	0.000000	0.000000	0.000000	0.880102	1.066342	0.340392
chr2	6467021	6468717	Plat	1.027692	2.358516	32	-1.890292	-0.798714	-0.798714	0.160000	1.005235	0.663529	0.188629	-1.473014	-0.964889	-0.964889
chr2	6467021	6468717	Pmex	1.663158	1.691218	32	-0.057185	-0.025714	-0.025714	1.105263	0.845171	0.232456	0.185965	-0.512166	-0.382147	-0.382147
chr2	6468853	6469036	Plat	0.369231	0.262057	3	0.741514	0.578895	0.415493	0.240000	0.631114	0.140000	0.269231	-0.081485	-0.099332	-0.099332
chr2	6469165	6470288	Plat	0.664615	0.524115	21	0.626302	0.379456	0.272349	0.560000	0.341086	0.056667	0.108974	0.082303	0.080802	0.024314
chr2	6469165	6470288	Pmex	3.352632	2.254957	21	1.750606	0.754438	0.561307	3.473684	-0.147786	-0.019525	-0.019525	0.822336	0.646013	0.256842
chr2	6470380	6470943	Plat	0.270769	0.262057	1	0.060276	0.047057	0.033774	0.880000	-2.975251	-0.660000	-0.660000	2.282833	2.782806	0.837386
chr2	6471337	6471970	Plat	0.556923	0.524115	11	0.146248	0.088607	0.063596	0.840000	-0.922940	-0.153333	-0.153333	0.724485	0.711269	0.214031
chr2	6471337	6471970	Pmex	0.457895	0.563739	11	-0.503508	-0.290990	-0.290990	1.842105	-4.371629	-0.769006	-0.769006	2.785052	2.788294	0.890065
chr2	6472279	6473067	Plat	0.443077	0.262057	8	1.252443	0.977774	0.701782	0.720000	-1.352387	-0.300000	-0.300000	1.691753	2.062272	0.620567
chr2	6472279	6473067	Pmex	0.268421	0.281870	8	-0.101411	-0.073946	-0.073946	0.157895	0.523911	0.122807	0.233333	-0.446358	-0.540813	-0.540813
chr2	6473258	6474854	Plat	0.301538	0.786172	32	-1.630857	-0.872580	-0.872580	0.960000	-1.664833	-0.856000	-0.856000	0.293612	0.232959	0.812934
chr2	6473258	6474854	Pmex	2.078947	1.691218	32	0.790182	0.355318	0.264359	2.473684	-0.597998	-0.116099	-0.116099	0.683932	0.528447	0.338909
chr2	6475818	6475943	Plat	0.147692	0.262057	3	-0.791272	-0.617741	-0.617741	0.080000	0.330583	0.073333	0.141026	-0.672565	-0.819866	-0.819866
chr2	6475818	6475943	Pmex	0.200000	0.563739	3	-1.730328	-1.000000	-1.000000	NA	NA	NA	NA	NA	NA	NA
chr2	6476317	6478588	Plat	0.821538	1.048230	42	-0.617353	-0.306117	-0.306117	1.600000	-1.626741	-0.289143	-0.289143	0.741010	0.594433	0.282703
chr2	6476317	6478588	Pmex	1.421053	1.691218	42	-0.550589	-0.247581	-0.247581	2.526316	-1.674396	-0.460526	-0.460526	0.729935	0.544633	0.638073
chr2	6480286	6480416	Pmex	0.984211	0.845609	5	0.490614	0.254031	0.189001	1.631579	-1.582927	-0.239766	-0.239766	1.241737	1.142873	0.364822
chr2	6480527	6481615	Plat	0.147692	0.262057	21	-0.791272	-0.617741	-0.617741	0.960000	-3.967002	-0.880000	-0.880000	2.578373	3.143073	0.945795
chr2	6480527	6481615	Pmex	0.921053	0.563739	21	1.699760	0.982334	0.730863	1.000000	-0.249332	-0.043860	-0.043860	0.950439	0.951545	0.303748
chr2	7270087	7297454	Plat	0.076923	0.262057	4	-1.280912	-1.000000	-1.000000	NA	NA	NA	NA	NA	NA	NA
chr2	10989694	10990420	Plat	0.212308	0.262057	9	-0.344209	-0.268722	-0.268722	0.120000	0.450796	0.100000	0.192308	-0.524795	-0.639733	-0.639733
chr2	10989694	10990420	Pmex	0.100000	0.281870	9	-1.371416	-1.000000	-1.000000	NA	NA	NA	NA	NA	NA	NA
chr2	10990596	10995466	Plat	1.246154	1.310287	20	-0.147167	-0.069283	-0.069283	1.080000	0.297565	0.063529	0.066998	-0.257151	-0.193472	-0.193472
chr2	10990596	10995466	Pmex	0.810526	0.845609	20	-0.124183	-0.064300	-0.064300	0.473684	0.823637	0.198142	0.228571	-0.587596	-0.502366	-0.502366
chr2	10995690	10997597	Plat	0.547692	0.524115	23	0.105100	0.063677	0.045703	1.360000	-2.648435	-0.440000	-0.440000	1.917108	1.882138	0.566362
chr2	10995690	10997597	Pmex	1.210526	1.127478	23	0.235416	0.114159	0.084935	1.526316	-0.637341	-0.121457	-0.121457	0.495846	0.411349	0.212995
chr2	10997638	11009267	Plat	1.646154	2.358516	92	-1.011834	-0.427535	-0.427535	1.880000	-0.270914	-0.054286	-0.054286	-0.320608	-0.221688	-0.221688
chr2	10997638	11009267	Pmex	4.213381	3.946175	92	0.258714	0.105404	0.078009	5.981424	-1.377887	-0.184385	-0.184385	0.816544	0.605542	0.288531
chr2	11009928	11011377	Plat	0.516923	0.524115	17	-0.032058	-0.019423	-0.019423	0.320000	0.642045	0.106667	0.205128	-0.468138	-0.459599	-0.459599
chr2	11009928	11011377	Pmex	0.394737	0.281870	17	0.851093	0.620594	0.461726	0.263158	0.623704	0.146199	0.277778	-0.067369	-0.081626	-0.081626
chr2	11011506	11015821	Plat	0.963077	1.572344	19	-1.210029	-0.548491	-0.548491	0.440000	0.822153	0.340000	0.172065	-1.083074	-0.758769	-0.758769
chr2	11011506	11015821	Pmex	0.200000	0.563739	19	-1.730328	-1.000000	-1.000000	NA	NA	NA	NA	NA	NA	NA
chr2	11015980	11017858	Plat	0.372308	0.786172	18	-1.392709	-0.745161	-0.745161	0.160000	0.536792	0.120000	0.143451	-1.057665	-0.886713	-0.886713
chr2	11015980	11017858	Pmex	0.963158	0.563739	18	1.900057	1.098091	0.816987	1.315789	-1.113685	-0.195906	-0.195906	1.638419	1.640326	0.523617
chr2	11017955	11020180	Plat	1.104615	1.048230	15	0.153557	0.076142	0.054650	0.760000	0.720138	0.203636	0.172308	-0.387083	-0.297687	-0.297687
chr2	11017955	11020180	Pmex	0.794737	0.845609	15	-0.180074	-0.093239	-0.093239	1.368421	-1.402756	-0.337461	-0.337461	0.825980	0.706173	0.452890
chr2	11020279	11027100	Plat	2.310769	3.406746	62	-1.131531	-0.455377	-0.455377	3.560000	-1.078456	-0.208205	-0.208205	0.073477	0.049014	0.042650
chr2	11020279	11027100	Pmex	1.110526	1.127478	62	-0.048054	-0.023303	-0.023303	1.315789	-0.414271	-0.057018	-0.057018	0.234114	0.205366	0.065556
chr3	15993082	16004614	Plat	6.843077	7.861721	152	-0.488732	-0.183406	-0.183406	10.520000	-1.539959	-0.196708	-0.196708	0.578063	0.378579	0.202331
chr3	15993082	16004614	Pmex	19.921053	14.939089	152	1.363150	0.516850	0.384540	21.631579	-0.404796	-0.039142	-0.039142	0.739914	0.541457	0.196486
chr3	16004748	16004830	Plat	0.212308	0.262057	2	-0.344209	-0.268722	-0.268722	0.120000	0.450796	0.100000	0.192308	-0.524795	-0.639733	-0.639733
chr3	16004961	16007011	Plat	0.766154	1.048230	17	-0.768184	-0.380907	-0.380907	1.320000	-1.157365	-0.150000	-0.150000	0.364979	0.305969	0.092070
chr3	16004961	16007011	Pmex	2.526316	1.409348	17	2.646722	1.228317	0.913876	3.157895	-1.091217	-0.140351	-0.140351	1.794214	1.525529	0.486972
chr3	22212846	22214652	Plat	0.147692	0.262057	13	-0.791272	-0.617741	-0.617741	0.080000	0.330583	0.073333	0.141026	-0.672565	-0.819866	-0.819866
chr3	22212846	22214652	Pmex	0.900000	0.563739	13	1.599612	0.924456	0.687801	1.421053	-1.645594	-0.289474	-0.289474	1.867746	1.869920	0.596907
chr3	22214796	22217841	Pmex	0.584211	0.563739	6	0.097383	0.056280	0.041873	0.368421	0.681509	0.119883	0.227778	-0.425521	-0.426016	-0.426016
chr3	22220106	22220177	Plat	0.212308	0.262057	1	-0.344209	-0.268722	-0.268722	0.920000	-3.456100	-0.766667	-0.766667	2.430603	2.962940	0.891590
chr3	22220323	22220565	Plat	0.076923	0.262057	5	-1.280912	-1.000000	-1.000000	NA	NA	NA	NA	NA	NA	NA
chr3	22220666	22220860	Plat	0.443077	0.262057	4	1.252443	0.977774	0.701782	0.320000	0.601061	0.133333	0.256410	0.214054	0.260935	0.078519
chr3	22221742	22221837	Plat	0.547692	0.524115	3	0.105100	0.063677	0.045703	0.360000	0.611949	0.221818	0.187692	-0.376398	-0.339000	-0.339000
chr3	22221919	22222217	Pmex	0.189474	0.281870	2	-0.696726	-0.508034	-0.508034	0.105263	0.399170	0.093567	0.177778	-0.635852	-0.770406	-0.770406
chr3	22222678	22223159	Pmex	0.457895	0.563739	2	-0.503508	-0.290990	-0.290990	0.263158	0.615020	0.108187	0.205556	-0.654847	-0.655610	-0.655610
chr3	22223618	22226215	Plat	0.520000	1.048230	14	-1.438541	-0.713306	-0.713306	0.240000	0.585112	0.104000	0.142857	-1.085426	-0.870722	-0.870722
chr3	22223618	22226215	Pmex	0.694737	0.563739	14	0.623163	0.360142	0.267948	0.736842	-0.132977	-0.023392	-0.023392	0.377122	0.377561	0.120523
chr3	22226508	22226703	Plat	0.360000	0.524115	9	-0.731566	-0.443232	-0.443232	0.200000	0.521662	0.086667	0.166667	-0.743359	-0.729800	-0.729800
chr3	22226769	22228420	Plat	0.076923	0.262057	19	-1.280912	-1.000000	-1.000000	NA	NA	NA	NA	NA	NA	NA
chr3	22226769	22228420	Pmex	0.673684	0.563739	19	0.523015	0.302263	0.224886	0.421053	0.797864	0.140351	0.266667	-0.310857	-0.311219	-0.311219
chr4	23977368	23984517	Plat	3.264615	3.144689	61	0.132867	0.053982	0.038745	2.880000	0.354476	0.063291	0.064533	-0.136607	-0.092397	-0.092397
chr4	23977368	23984517	Pmex	3.714474	5.355523	61	-1.198131	-0.478367	-0.478367	3.473684	0.144710	0.029819	0.025398	-0.564566	-0.389679	-0.389679
chr4	23984659	23985975	Plat	0.864615	1.048230	21	-0.500041	-0.247947	-0.247947	0.560000	0.636551	0.113143	0.155416	-0.655677	-0.525979	-0.525979
chr4	23984659	23985975	Pmex	2.073684	1.973087	21	0.179965	0.079018	0.058790	2.368421	-0.398253	-0.055611	-0.055611	0.301049	0.238541	0.098173
chr4	23986148	23986237	Plat	0.323077	0.262057	1	0.422184	0.329596	0.236562	0.200000	0.601061	0.133333	0.256410	-0.229255	-0.279466	-0.279466
chr4	23986320	23986405	Plat	0.516923	0.262057	5	1.763371	1.376653	0.988071	0.480000	0.180318	0.040000	0.076923	0.805134	0.981470	0.295338
chr4	23986320	23986405	Pmex	0.289474	0.563739	5	-1.304697	-0.754017	-0.754017	0.105263	0.581776	0.230263	0.184211	-0.998837	-0.897024	-0.897024
chr4	23986487	23986570	Pmex	0.631579	0.563739	2	0.322717	0.186506	0.138762	0.421053	0.664887	0.116959	0.222222	-0.310857	-0.311219	-0.311219
chr4	23986688	23987572	Plat	0.076923	0.262057	3	-1.280912	-1.000000	-1.000000	NA	NA	NA	NA	NA	NA	NA
chr4	23986688	23987572	Pmex	0.526316	0.281870	3	1.843284	1.344074	1.000000	0.526316	0.000000	0.000000	0.000000	0.880102	1.066342	0.340392
chr4	23988856	23989603	Plat	1.049231	0.786172	7	0.885227	0.473636	0.339945	2.200000	-2.909568	-0.415556	-0.415556	2.388091	2.122316	0.638635
chr4	23988856	23989603	Pmex	1.673684	1.127478	7	1.548333	0.750821	0.558616	1.368421	0.616096	0.084795	0.161111	0.299547	0.262765	0.083878
chr4	23989786	23991049	Plat	0.889231	0.786172	14	0.346806	0.185557	0.133180	1.320000	-1.089143	-0.155556	-0.155556	0.901686	0.801336	0.241133
chr4	23989786	23991049	Pmex	1.415789	1.127478	14	0.817277	0.396316	0.294861	1.578947	-0.329293	-0.062753	-0.062753	0.561280	0.465632	0.241102
chr4	23991376	23994729	Plat	1.744414	1.572344	16	0.341738	0.159825	0.110509	1.230588	0.807613	0.093350	0.178997	-0.326886	-0.260183	-0.260183
chr4	23991376	23994729	Pmex	0.631579	0.563739	16	0.322717	0.186506	0.138762	0.421053	0.664887	0.116959	0.222222	-0.310857	-0.311219	-0.311219
chr4	34159471	34219902	Plat	16.868916	20.702533	461	-0.724743	-0.262483	-0.262483	15.996770	0.147881	0.018595	0.022389	-0.397711	-0.253387	-0.253387
chr4	34159471	34219902	Pmex	16.368421	18.039655	461	-0.380384	-0.143581	-0.143581	24.315789	-1.573173	-0.200691	-0.200691	0.576194	0.401837	0.224466
chr5	16308217	16310415	Plat	0.846154	1.048230	16	-0.550318	-0.272877	-0.272877	0.480000	0.765147	0.136000	0.186813	-0.763114	-0.612165	-0.612165
chr5	16308217	16310415	Pmex	1.005263	1.127478	16	-0.346445	-0.167999	-0.167999	1.578947	-1.157836	-0.220648	-0.220648	0.561280	0.465632	0.241102
chr5	16974081	16974837	Plat	0.492308	0.262057	9	1.593062	1.243693	0.892642	0.400000	0.450796	0.100000	0.192308	0.509594	0.621203	0.186929
chr5	16974081	16974837	Pmex	0.815789	0.845609	9	-0.105553	-0.054653	-0.054653	0.631579	0.450426	0.108359	0.125000	-0.338141	-0.289095	-0.289095
chr5	16975268	16976619	Pmex	0.200000	0.563739	17	-1.730328	-1.000000	-1.000000	NA	NA	NA	NA	NA	NA	NA
chr5	16977859	16977952	Plat	0.295385	0.524115	3	-1.019598	-0.617741	-0.617741	0.160000	0.441406	0.073333	0.141026	-0.835099	-0.819866	-0.819866
chr5	16978119	16978241	Pmex	0.268421	0.281870	1	-0.101411	-0.073946	-0.073946	0.157895	0.523911	0.122807	0.233333	-0.446358	-0.540813	-0.540813
chr5	16978434	16978839	Plat	0.683077	0.524115	6	0.708597	0.429316	0.308135	0.480000	0.662109	0.110000	0.211538	-0.101177	-0.099332	-0.099332
chr5	16980891	16986063	Plat	0.593846	0.786172	9	-0.647202	-0.346282	-0.346282	0.320000	0.692384	0.154783	0.185031	-0.787409	-0.660140	-0.660140
chr6	7471130	7472496	Plat	0.270769	0.262057	17	0.060276	0.047057	0.033774	0.160000	0.540955	0.120000	0.230769	-0.377025	-0.459599	-0.459599
chr6	7471130	7472496	Pmex	0.200000	0.563739	17	-1.730328	-1.000000	-1.000000	NA	NA	NA	NA	NA	NA	NA
chr6	7472794	7474170	Plat	0.212308	0.262057	6	-0.344209	-0.268722	-0.268722	0.120000	0.450796	0.100000	0.192308	-0.524795	-0.639733	-0.639733
chr6	7474316	7477651	Plat	0.418462	0.524115	14	-0.470965	-0.285342	-0.285342	1.120000	-2.287285	-0.380000	-0.380000	1.366666	1.341737	0.403748
chr6	7474316	7477651	Pmex	0.942105	0.845609	14	0.341572	0.176860	0.131585	1.210526	-0.656336	-0.099415	-0.099415	0.576525	0.530624	0.169383
chr6	7477833	7480416	Plat	1.436923	1.834402	21	-0.696483	-0.306711	-0.306711	1.880000	-0.621652	-0.099310	-0.099310	0.038162	0.027899	0.014404
chr6	7477833	7480416	Pmex	0.100000	0.281870	21	-1.371416	-1.000000	-1.000000	NA	NA	NA	NA	NA	NA	NA
chr6	7480556	7480657	Plat	0.323077	0.262057	1	0.422184	0.329596	0.236562	0.200000	0.601061	0.133333	0.256410	-0.229255	-0.279466	-0.279466
chr6	7480779	7481693	Plat	0.076923	0.262057	3	-1.280912	-1.000000	-1.000000	1.000000	-4.507956	-1.000000	-1.000000	2.726143	3.323207	1.000000
chr6	7481773	7484042	Plat	1.190769	1.310287	11	-0.274259	-0.129115	-0.129115	1.200000	-0.016531	-0.002553	-0.002553	-0.123153	-0.095878	-0.095878
chr6	7484150	7486077	Plat	0.076923	0.262057	16	-1.280912	-1.000000	-1.000000	NA	NA	NA	NA	NA	NA	NA
chr6	7484150	7486077	Pmex	1.057895	1.127478	16	-0.197249	-0.095651	-0.095651	1.315789	-0.520495	-0.161184	-0.161184	0.234114	0.184219	0.215824
chr8	759697	760671	Plat	0.483077	0.524115	9	-0.182932	-0.110833	-0.110833	0.280000	0.662109	0.110000	0.211538	-0.559879	-0.549666	-0.549666
chr8	762081	763807	Pmex	0.100000	0.281870	2	-1.371416	-1.000000	-1.000000	NA	NA	NA	NA	NA	NA	NA
chr8	765772	767071	Plat	0.495385	0.786172	12	-0.978539	-0.523561	-0.523561	0.240000	0.645706	0.144348	0.172557	-0.922537	-0.773426	-0.773426
chr8	767216	767300	Plat	0.470769	0.262057	2	1.444041	1.127354	0.809141	0.680000	-1.021803	-0.226667	-0.226667	1.543984	1.882138	0.566362
chr8	767411	770367	Plat	0.212308	0.262057	23	-0.344209	-0.268722	-0.268722	0.120000	0.450796	0.100000	0.192308	-0.524795	-0.639733	-0.639733
chr8	767411	770367	Pmex	0.394737	0.281870	23	0.851093	0.620594	0.461726	0.789474	-1.871112	-0.438596	-0.438596	1.827573	2.214310	0.706841
chr8	770491	771754	Plat	0.547692	0.524115	8	0.105100	0.063677	0.045703	0.360000	0.611949	0.221818	0.187692	-0.376398	-0.339000	-0.339000
chr8	770491	771754	Pmex	0.100000	0.281870	8	-1.371416	-1.000000	-1.000000	NA	NA	NA	NA	NA	NA	NA
chr8	771951	778859	Plat	1.280000	1.572344	46	-0.580607	-0.263182	-0.263182	1.360000	-0.125741	-0.022609	-0.022609	-0.203105	-0.150349	-0.150349
chr8	771951	778859	Pmex	0.915789	0.563739	46	1.674723	0.967864	0.720098	0.736842	0.565154	0.099415	0.188889	0.377122	0.377561	0.120523
chr8	922072	949093	Plat	8.944615	9.696123	201	-0.295575	-0.109710	-0.109710	9.120000	-0.060680	-0.008291	-0.008291	-0.102290	-0.065947	-0.065947
chr8	922072	949093	Pmex	5.657895	7.046740	201	-0.783187	-0.305460	-0.305460	5.368421	0.136664	0.025172	0.023305	-0.386569	-0.265982	-0.265982
chr8	16665313	16669610	Plat	0.753846	1.572344	56	-1.625570	-0.736851	-0.736851	0.800000	-0.072543	-0.085714	-0.085714	-0.738739	-0.504028	-0.504028
chr8	16665313	16669610	Pmex	4.278947	3.946175	56	0.322196	0.130695	0.097238	4.263158	0.012305	0.001645	0.002326	0.127174	0.094138	0.044938
chr8	16669896	16678974	Plat	5.433846	6.289377	149	-0.505885	-0.192547	-0.192547	4.800000	0.324076	0.044783	0.053534	-0.401199	-0.263636	-0.263636
chr8	16669896	16678974	Pmex	7.090953	9.019828	149	-0.859610	-0.332702	-0.332702	8.755418	-0.629005	-0.093626	-0.093626	-0.047921	-0.033460	-0.033460
chr8	16679150	16679621	Plat	0.443077	0.262057	10	1.252443	0.977774	0.701782	0.320000	0.601061	0.133333	0.256410	0.214054	0.260935	0.078519
chr8	16679150	16679621	Pmex	1.042105	0.563739	10	2.275614	1.315135	0.978469	0.947368	0.299199	0.052632	0.100000	0.835776	0.836749	0.267103
chr8	16679723	16685610	Plat	2.246154	2.620574	80	-0.486029	-0.202242	-0.202242	2.280000	-0.036102	-0.005432	-0.005432	-0.207537	-0.145509	-0.145509
chr8	16679723	16685610	Pmex	5.984211	6.483001	80	-0.304360	-0.119242	-0.119242	8.421053	-1.238888	-0.165772	-0.165772	0.483846	0.346807	0.184278
chr8	16685692	16690063	Plat	3.938462	6.551434	106	-1.487431	-0.564557	-0.564557	3.080000	0.423322	0.085191	0.068567	-0.899323	-0.571765	-0.571765
chr8	16685692	16690063	Pmex	2.936842	2.536827	106	0.575647	0.244385	0.181824	2.526316	0.457437	0.057821	0.095122	-0.006367	-0.004968	-0.004968
chr8	16690600	16701605	Plat	5.670769	5.765262	107	-0.060572	-0.023200	-0.023200	6.440000	-0.424614	-0.042017	-0.042017	0.197477	0.135892	0.047401
chr8	16690600	16701605	Pmex	3.552632	5.073653	107	-1.167904	-0.464625	-0.464625	5.157895	-1.010865	-0.131579	-0.131579	0.026615	0.019425	0.009437
chr8	16701930	16707905	Plat	1.492308	1.048230	31	1.209369	0.599670	0.430404	2.040000	-1.144505	-0.148333	-0.148333	1.331916	1.116570	0.335992
chr8	16701930	16707905	Pmex	0.378947	0.563739	31	-0.879065	-0.508034	-0.508034	1.052632	-2.127637	-0.374269	-0.374269	1.065102	1.066342	0.340392
chr9	21589301	21597811	Plat	2.046154	2.620574	37	-0.745647	-0.310272	-0.310272	1.240000	0.859888	0.154118	0.162531	-0.841288	-0.579933	-0.579933
chr9	21589301	21597811	Pmex	1.352632	1.409348	37	-0.134393	-0.062370	-0.062370	0.842105	0.882067	0.145865	0.210870	-0.582058	-0.473167	-0.473167
